id_slug,video_url,notas
af_aula_mentor_iniciacion_office,https://www.youtube.com/watch?v=xBaRjZUVSgc,competencia principal importada: AF-BAS-002 (Escribir con precisión y usar funciones básicas de Office) - fiabilidad 4.0/5 - 5 competencia(s) relacionadas en origen
af_aula_mentor_nominas_seguros_sociales,https://www.youtube.com/watch?v=m8i4fMUCpK0,competencia principal importada: AF-LAB-002 (Calcular y revisar una nómina) - fiabilidad 4.5/5 - 3 competencia(s) relacionadas en origen
af_ayuntamiento_granada_bolsas_empleo,https://www.youtube.com/watch?v=xBaRjZUVSgc,competencia principal importada: AF-EMP-001 (Preparar candidatura administrativa) - fiabilidad 4.0/5 - 5 competencia(s) relacionadas en origen
af_cade_granada,https://www.youtube.com/watch?v=xBaRjZUVSgc,competencia principal importada: AF-EMP-001 (Preparar candidatura administrativa) - fiabilidad 4.0/5 - 2 competencia(s) relacionadas en origen
af_camara_auxiliar_administrativo_2026,https://www.youtube.com/watch?v=xBaRjZUVSgc,competencia principal importada: AF-BAS-004 (Redactar correos y comunicaciones profesionales) - fiabilidad 4.0/5 - 5 competencia(s) relacionadas en origen
af_camara_comercio_granada_entidad,https://www.youtube.com/watch?v=RXbOwk1l2T8,competencia principal importada: AF-JUR-001 (Distinguir formas jurídicas y órganos de la empresa) - fiabilidad 5.0/5 - 5 competencia(s) relacionadas en origen
af_camara_contabilidad_facturacion_pymes_2026,https://www.youtube.com/watch?v=HgbxbpwhKXs,competencia principal importada: AF-SIM-001 (Gestionar una empresa simulada de forma integrada) - fiabilidad 5.0/5 - 5 competencia(s) relacionadas en origen
af_camara_emprendimiento_idea_accion_2026,https://www.youtube.com/watch?v=RXbOwk1l2T8,competencia principal importada: AF-JUR-001 (Distinguir formas jurídicas y órganos de la empresa) - fiabilidad 5.0/5 - 5 competencia(s) relacionadas en origen
af_camara_granada_ofertas_empleo,https://www.youtube.com/watch?v=m8i4fMUCpK0,competencia principal importada: AF-PRJ-001 (Diseñar una solución administrativa integral) - fiabilidad 4.5/5 - 5 competencia(s) relacionadas en origen
af_camara_nominas_seguros_sociales_2026,https://www.youtube.com/watch?v=m8i4fMUCpK0,competencia principal importada: AF-LAB-002 (Calcular y revisar una nómina) - fiabilidad 4.5/5 - 5 competencia(s) relacionadas en origen
af_diputacion_granada_aula_mentor,https://www.youtube.com/watch?v=xBaRjZUVSgc,competencia principal importada: AF-BAS-002 (Escribir con precisión y usar funciones básicas de Office) - fiabilidad 4.0/5 - 5 competencia(s) relacionadas en origen
af_emprendimiento_educativo_granada_2026_27,https://www.youtube.com/watch?v=xBaRjZUVSgc,competencia principal importada: AF-EMP-001 (Preparar candidatura administrativa) - fiabilidad 4.0/5 - 2 competencia(s) relacionadas en origen
af_eventos_andalucia_emprende,https://www.youtube.com/watch?v=HgbxbpwhKXs,competencia principal importada: AF-SIM-001 (Gestionar una empresa simulada de forma integrada) - fiabilidad 5.0/5 - 5 competencia(s) relacionadas en origen
af_evidencia_calendario_fiscal_pyme,https://www.youtube.com/watch?v=xBaRjZUVSgc,competencia principal importada: AF-JUR-002 (Preparar trámites de constitución y documentación oficial) - fiabilidad 4.0/5 - 5 competencia(s) relacionadas en origen
af_evidencia_ciclo_contable_completo,https://www.youtube.com/watch?v=HgbxbpwhKXs,competencia principal importada: AF-CON-001 (Completar el ciclo contable) - fiabilidad 5.0/5 - 5 competencia(s) relacionadas en origen
af_evidencia_dashboard_financiero_power_bi,https://www.youtube.com/watch?v=HgbxbpwhKXs,"competencia principal importada: AF-COM-001 (Gestionar compras, ventas, facturas y cobros) - fiabilidad 5.0/5 - 5 competencia(s) relacionadas en origen"
af_evidencia_expediente_nomina_cotizacion,https://www.youtube.com/watch?v=xBaRjZUVSgc,"competencia principal importada: AF-LAB-001 (Interpretar contratos, jornada y documentación laboral) - fiabilidad 4.0/5 - 5 competencia(s) relacionadas en origen"
af_evidencia_factura_electronica_firmada,https://www.youtube.com/watch?v=xBaRjZUVSgc,competencia principal importada: AF-CLI-002 (Gestionar comunicaciones y archivo multicanal) - fiabilidad 4.0/5 - 5 competencia(s) relacionadas en origen
af_evidencia_plan_empresa_circe,https://www.youtube.com/watch?v=RXbOwk1l2T8,competencia principal importada: AF-JUR-001 (Distinguir formas jurídicas y órganos de la empresa) - fiabilidad 5.0/5 - 5 competencia(s) relacionadas en origen
af_evidencia_presupuesto_tesoreria_excel,https://www.youtube.com/watch?v=EzTd4WfrDGE,"competencia principal importada: AF-FIN-002 (Gestionar tesorería, financiación y riesgo) - fiabilidad 5.0/5 - 5 competencia(s) relacionadas en origen"
af_excel_formacion_oficial,https://www.youtube.com/watch?v=m8i4fMUCpK0,competencia principal importada: AF-OFI-002 (Usar Excel para gestión administrativa) - fiabilidad 4.5/5 - 5 competencia(s) relacionadas en origen
af_excel_power_query_power_pivot,https://www.youtube.com/watch?v=m8i4fMUCpK0,competencia principal importada: AF-OFI-003 (Automatizar limpieza y consolidación de datos) - fiabilidad 4.5/5 - 5 competencia(s) relacionadas en origen
af_feria_fp_granada_2026,https://www.youtube.com/watch?v=HgbxbpwhKXs,competencia principal importada: AF-SIM-001 (Gestionar una empresa simulada de forma integrada) - fiabilidad 5.0/5 - 5 competencia(s) relacionadas en origen
af_feria_internacional_empleo_granada_2026,https://www.youtube.com/watch?v=xBaRjZUVSgc,competencia principal importada: AF-EMP-001 (Preparar candidatura administrativa) - fiabilidad 4.0/5 - 3 competencia(s) relacionadas en origen
af_formate_granada_2026,https://www.youtube.com/watch?v=xBaRjZUVSgc,competencia principal importada: AF-EMP-001 (Preparar candidatura administrativa) - fiabilidad 4.0/5 - 3 competencia(s) relacionadas en origen
af_fp_dual_andalucia_empresa,https://www.youtube.com/watch?v=RXbOwk1l2T8,competencia principal importada: AF-JUR-001 (Distinguir formas jurídicas y órganos de la empresa) - fiabilidad 5.0/5 - 5 competencia(s) relacionadas en origen
af_fuente_actualidad_aeat,https://www.youtube.com/watch?v=jjwGyYH5ZSM,competencia principal importada: AF-CON-002 (Gestionar obligaciones fiscales básicas) - fiabilidad 5.0/5 - 4 competencia(s) relacionadas en origen
af_fuente_actualidad_seguridad_social,https://www.youtube.com/watch?v=xBaRjZUVSgc,"competencia principal importada: AF-LAB-001 (Interpretar contratos, jornada y documentación laboral) - fiabilidad 4.0/5 - 5 competencia(s) relacionadas en origen"
af_fuente_boe,https://www.youtube.com/watch?v=HgbxbpwhKXs,competencia principal importada: AF-COM-002 (Registrar el ciclo contable básico) - fiabilidad 5.0/5 - 5 competencia(s) relacionadas en origen
af_fuente_boja,https://www.youtube.com/watch?v=HgbxbpwhKXs,competencia principal importada: AF-COM-002 (Registrar el ciclo contable básico) - fiabilidad 5.0/5 - 3 competencia(s) relacionadas en origen
af_fuente_consejo_economistas,https://www.youtube.com/watch?v=HgbxbpwhKXs,competencia principal importada: AF-CON-001 (Completar el ciclo contable) - fiabilidad 5.0/5 - 5 competencia(s) relacionadas en origen
af_fuente_economistas_granada,https://www.youtube.com/watch?v=HgbxbpwhKXs,competencia principal importada: AF-CON-001 (Completar el ciclo contable) - fiabilidad 5.0/5 - 5 competencia(s) relacionadas en origen
af_fuente_ine,https://www.youtube.com/watch?v=m8i4fMUCpK0,competencia principal importada: AF-BI-001 (Crear cuadros de mando administrativos y financieros) - fiabilidad 4.5/5 - 5 competencia(s) relacionadas en origen
af_fundacion_sepi_futuras_becas,https://www.youtube.com/watch?v=m8i4fMUCpK0,competencia principal importada: AF-FIN-001 (Aplicar cálculo financiero) - fiabilidad 4.5/5 - 5 competencia(s) relacionadas en origen
af_herramienta_autofirma,https://www.youtube.com/watch?v=mrN082rtsL0,competencia principal importada: AF-BAS-001 (Organizar archivos y documentación administrativa) - fiabilidad 4.0/5 - 4 competencia(s) relacionadas en origen
af_herramienta_circe,https://www.youtube.com/watch?v=RXbOwk1l2T8,competencia principal importada: AF-JUR-001 (Distinguir formas jurídicas y órganos de la empresa) - fiabilidad 5.0/5 - 5 competencia(s) relacionadas en origen
af_herramienta_contasol,https://www.youtube.com/watch?v=HgbxbpwhKXs,competencia principal importada: AF-COM-002 (Registrar el ciclo contable básico) - fiabilidad 5.0/5 - 4 competencia(s) relacionadas en origen
af_herramienta_excel,https://www.youtube.com/watch?v=m8i4fMUCpK0,"competencia principal importada: AF-BAS-003 (Operar con porcentajes, reglas de tres e importes) - fiabilidad 4.5/5 - 5 competencia(s) relacionadas en origen"
af_herramienta_facturae,https://www.youtube.com/watch?v=xBaRjZUVSgc,competencia principal importada: AF-JUR-002 (Preparar trámites de constitución y documentación oficial) - fiabilidad 4.0/5 - 3 competencia(s) relacionadas en origen
af_herramienta_importass,https://www.youtube.com/watch?v=xBaRjZUVSgc,"competencia principal importada: AF-LAB-001 (Interpretar contratos, jornada y documentación laboral) - fiabilidad 4.0/5 - 5 competencia(s) relacionadas en origen"
af_herramienta_nominasol,https://www.youtube.com/watch?v=xBaRjZUVSgc,"competencia principal importada: AF-LAB-001 (Interpretar contratos, jornada y documentación laboral) - fiabilidad 4.0/5 - 5 competencia(s) relacionadas en origen"
af_herramienta_power_bi_desktop,https://www.youtube.com/watch?v=m8i4fMUCpK0,competencia principal importada: AF-BI-001 (Crear cuadros de mando administrativos y financieros) - fiabilidad 4.5/5 - 4 competencia(s) relacionadas en origen
af_herramienta_sede_aeat,https://www.youtube.com/watch?v=jjwGyYH5ZSM,competencia principal importada: AF-CON-002 (Gestionar obligaciones fiscales básicas) - fiabilidad 5.0/5 - 4 competencia(s) relacionadas en origen
af_ies_acci_guadix,https://www.youtube.com/watch?v=m8i4fMUCpK0,competencia principal importada: AF-PRJ-001 (Diseñar una solución administrativa integral) - fiabilidad 4.5/5 - 5 competencia(s) relacionadas en origen
af_ies_fray_luis_granada,https://www.youtube.com/watch?v=m8i4fMUCpK0,competencia principal importada: AF-PRJ-001 (Diseñar una solución administrativa integral) - fiabilidad 4.5/5 - 5 competencia(s) relacionadas en origen
af_ies_luis_bueno_crespo_armilla,https://www.youtube.com/watch?v=m8i4fMUCpK0,competencia principal importada: AF-PRJ-001 (Diseñar una solución administrativa integral) - fiabilidad 4.5/5 - 5 competencia(s) relacionadas en origen
af_ies_montes_orientales_iznalloz,https://www.youtube.com/watch?v=m8i4fMUCpK0,competencia principal importada: AF-PRJ-001 (Diseñar una solución administrativa integral) - fiabilidad 4.5/5 - 5 competencia(s) relacionadas en origen
af_ies_pedro_jimenez_montoya_baza_2026,https://www.youtube.com/watch?v=m8i4fMUCpK0,competencia principal importada: AF-PRJ-001 (Diseñar una solución administrativa integral) - fiabilidad 4.5/5 - 5 competencia(s) relacionadas en origen
af_incibe_kit_concienciacion,https://www.youtube.com/watch?v=xBaRjZUVSgc,"competencia principal importada: AF-BAS-005 (Proteger datos, credenciales y documentación) - fiabilidad 4.0/5 - 5 competencia(s) relacionadas en origen"
af_junta_buscador_fpe_administracion,https://www.youtube.com/watch?v=RXbOwk1l2T8,"competencia principal importada: AF-CLI-001 (Atender y registrar consultas, quejas y reclamaciones) - fiabilidad 5.0/5 - 5 competencia(s) relacionadas en origen"
af_power_bi_ruta_aprendizaje,https://www.youtube.com/watch?v=m8i4fMUCpK0,competencia principal importada: AF-BI-001 (Crear cuadros de mando administrativos y financieros) - fiabilidad 4.5/5 - 5 competencia(s) relacionadas en origen
af_premios_emprendemos_top50_2026,https://www.youtube.com/watch?v=havARJ_ZQg8,competencia principal importada: AF-PRJ-002 (Presentar y defender una propuesta administrativa) - fiabilidad 5.0/5 - 3 competencia(s) relacionadas en origen
af_programa_emplea_t_granada,https://www.youtube.com/watch?v=xBaRjZUVSgc,"competencia principal importada: AF-LAB-001 (Interpretar contratos, jornada y documentación laboral) - fiabilidad 4.0/5 - 4 competencia(s) relacionadas en origen"
af_red_emprende_granada_2026,https://www.youtube.com/watch?v=havARJ_ZQg8,competencia principal importada: AF-PRJ-002 (Presentar y defender una propuesta administrativa) - fiabilidad 5.0/5 - 3 competencia(s) relacionadas en origen
af_sae_busqueda_empleo,https://www.youtube.com/watch?v=xBaRjZUVSgc,competencia principal importada: AF-EMP-001 (Preparar candidatura administrativa) - fiabilidad 4.0/5 - 3 competencia(s) relacionadas en origen
af_sepe_portal_empleate,https://www.youtube.com/watch?v=HgbxbpwhKXs,competencia principal importada: AF-COM-002 (Registrar el ciclo contable básico) - fiabilidad 5.0/5 - 5 competencia(s) relacionadas en origen
af_talento_joven_camara_granada,https://www.youtube.com/watch?v=xBaRjZUVSgc,competencia principal importada: AF-EMP-001 (Preparar candidatura administrativa) - fiabilidad 4.0/5 - 3 competencia(s) relacionadas en origen
af_titulo_oficial_andalucia,https://www.youtube.com/watch?v=m8i4fMUCpK0,competencia principal importada: AF-PRJ-001 (Diseñar una solución administrativa integral) - fiabilidad 4.5/5 - 4 competencia(s) relacionadas en origen
dam_andalucia_orienta,https://www.youtube.com/watch?v=xBaRjZUVSgc,competencia principal importada: DAM-EMP-001 (Preparar perfil profesional y candidatura) - fiabilidad 4.0/5 - 3 competencia(s) relacionadas en origen
dam_andalucia_vuela_iniciacion_programacion,https://www.youtube.com/watch?v=JOAqpdM36wI,"competencia principal importada: DAM-PRO-001 (Programar con variables, decisiones y bucles) - fiabilidad 4.5/5 - 5 competencia(s) relacionadas en origen"
dam_android_basics_compose,https://www.youtube.com/watch?v=lNKk-RSL7wg,competencia principal importada: DAM-MOB-001 (Crear una aplicación móvil con navegación y estado) - fiabilidad 5.0/5 - 4 competencia(s) relacionadas en origen
dam_android_developers_blog,https://www.youtube.com/watch?v=lNKk-RSL7wg,competencia principal importada: DAM-MOB-001 (Crear una aplicación móvil con navegación y estado) - fiabilidad 5.0/5 - 5 competencia(s) relacionadas en origen
dam_android_studio,https://www.youtube.com/watch?v=lNKk-RSL7wg,competencia principal importada: DAM-MOB-001 (Crear una aplicación móvil con navegación y estado) - fiabilidad 5.0/5 - 4 competencia(s) relacionadas en origen
dam_ayuntamiento_granada_empleo,https://www.youtube.com/watch?v=0f26_Enlv38,competencia principal importada: DAM-BAS-004 (Comprender cómo funciona una aplicación conectada) - fiabilidad 4.5/5 - 4 competencia(s) relacionadas en origen
dam_ayuntamiento_granada_recurso_local,https://www.youtube.com/watch?v=xBaRjZUVSgc,competencia principal importada: DAM-EMP-001 (Preparar perfil profesional y candidatura) - fiabilidad 4.0/5 - 2 competencia(s) relacionadas en origen
dam_camara_comercio_granada,https://www.youtube.com/watch?v=HXE169-n5pM,competencia principal importada: DAM-BD-001 (Modelar datos relacionales) - fiabilidad 4.5/5 - 3 competencia(s) relacionadas en origen
dam_commit_conf_2026,https://www.youtube.com/watch?v=JOAqpdM36wI,"competencia principal importada: DAM-PRO-001 (Programar con variables, decisiones y bucles) - fiabilidad 4.5/5 - 5 competencia(s) relacionadas en origen"
dam_dev_java,https://www.youtube.com/watch?v=JOAqpdM36wI,"competencia principal importada: DAM-PRO-001 (Programar con variables, decisiones y bucles) - fiabilidad 4.5/5 - 5 competencia(s) relacionadas en origen"
dam_dev_java_learn,https://www.youtube.com/watch?v=JOAqpdM36wI,competencia principal importada: DAM-PRO-003 (Aplicar programación orientada a objetos) - fiabilidad 4.5/5 - 4 competencia(s) relacionadas en origen
dam_docker,https://www.youtube.com/watch?v=HXE169-n5pM,competencia principal importada: DAM-BD-001 (Modelar datos relacionales) - fiabilidad 4.5/5 - 5 competencia(s) relacionadas en origen
dam_evidencia_android_compose,https://www.youtube.com/watch?v=JOAqpdM36wI,"competencia principal importada: DAM-PRO-004 (Gestionar errores, ficheros y pruebas) - fiabilidad 4.5/5 - 5 competencia(s) relacionadas en origen"
dam_evidencia_android_room,https://www.youtube.com/watch?v=OuJerKzV5T0,competencia principal importada: DAM-BD-002 (Crear y consultar una base de datos con SQL) - fiabilidad 4.5/5 - 5 competencia(s) relacionadas en origen
dam_evidencia_ci_docker,https://www.youtube.com/watch?v=Ei1y51K8jQk,"competencia principal importada: DAM-ED-002 (Depurar, automatizar y mantener calidad) - fiabilidad 4.5/5 - 5 competencia(s) relacionadas en origen"
dam_evidencia_spring_boot_api,https://www.youtube.com/watch?v=JOAqpdM36wI,"competencia principal importada: DAM-PRO-004 (Gestionar errores, ficheros y pruebas) - fiabilidad 4.5/5 - 5 competencia(s) relacionadas en origen"
dam_feria_empleo_granada_2026,https://www.youtube.com/watch?v=xBaRjZUVSgc,competencia principal importada: DAM-EMP-001 (Preparar perfil profesional y candidatura) - fiabilidad 4.0/5 - 3 competencia(s) relacionadas en origen
dam_fundacion_sepi_becas,https://www.youtube.com/watch?v=xBaRjZUVSgc,competencia principal importada: DAM-EMP-001 (Preparar perfil profesional y candidatura) - fiabilidad 4.0/5 - 4 competencia(s) relacionadas en origen
dam_github_actions,https://www.youtube.com/watch?v=Ei1y51K8jQk,"competencia principal importada: DAM-ED-002 (Depurar, automatizar y mantener calidad) - fiabilidad 4.5/5 - 5 competencia(s) relacionadas en origen"
dam_github_skills,https://www.youtube.com/watch?v=3GymExBkKjE,competencia principal importada: DAM-ED-001 (Usar Git y un flujo de trabajo colaborativo) - fiabilidad 4.5/5 - 5 competencia(s) relacionadas en origen
dam_gradle,https://www.youtube.com/watch?v=lNKk-RSL7wg,competencia principal importada: DAM-MOB-001 (Crear una aplicación móvil con navegación y estado) - fiabilidad 5.0/5 - 5 competencia(s) relacionadas en origen
dam_gsoc_2026,https://www.youtube.com/watch?v=JOAqpdM36wI,"competencia principal importada: DAM-PRO-001 (Programar con variables, decisiones y bucles) - fiabilidad 4.5/5 - 5 competencia(s) relacionadas en origen"
dam_incibe_formacion,https://www.youtube.com/watch?v=0f26_Enlv38,competencia principal importada: DAM-SI-002 (Aplicar red y seguridad básica) - fiabilidad 4.5/5 - 3 competencia(s) relacionadas en origen
dam_intellij_idea,https://www.youtube.com/watch?v=Ei1y51K8jQk,"competencia principal importada: DAM-ED-002 (Depurar, automatizar y mantener calidad) - fiabilidad 4.5/5 - 5 competencia(s) relacionadas en origen"
dam_kotlin_get_started,https://www.youtube.com/watch?v=lNKk-RSL7wg,competencia principal importada: DAM-MOB-001 (Crear una aplicación móvil con navegación y estado) - fiabilidad 5.0/5 - 3 competencia(s) relacionadas en origen
dam_nasa_space_apps_2026,https://www.youtube.com/watch?v=-oK6zL01fNM,competencia principal importada: DAM-LM-001 (Estructurar información con lenguajes de marcas) - fiabilidad 4.5/5 - 5 competencia(s) relacionadas en origen
dam_oferta_modular_andalucia,https://www.youtube.com/watch?v=Ei1y51K8jQk,competencia principal importada: DAM-SI-001 (Instalar y configurar un sistema de trabajo) - fiabilidad 4.5/5 - 2 competencia(s) relacionadas en origen
dam_sepe_empleate,https://www.youtube.com/watch?v=xBaRjZUVSgc,competencia principal importada: DAM-EMP-001 (Preparar perfil profesional y candidatura) - fiabilidad 4.0/5 - 5 competencia(s) relacionadas en origen
dam_spring_guides,https://www.youtube.com/watch?v=OuJerKzV5T0,competencia principal importada: DAM-AD-001 (Conectar aplicaciones a bases de datos) - fiabilidad 4.5/5 - 5 competencia(s) relacionadas en origen
dam_todofp_perfil,https://www.youtube.com/watch?v=xBaRjZUVSgc,competencia principal importada: DAM-EMP-001 (Preparar perfil profesional y candidatura) - fiabilidad 4.0/5 - 2 competencia(s) relacionadas en origen
dam_ugr_lan_party_2026,https://www.youtube.com/watch?v=Ei1y51K8jQk,competencia principal importada: DAM-SI-001 (Instalar y configurar un sistema de trabajo) - fiabilidad 4.5/5 - 4 competencia(s) relacionadas en origen
daw_andalucia_vuela_html_css,https://www.youtube.com/watch?v=BjYrguKBfCo,competencia principal importada: DAW-BAS-003 (Resolver problemas mediante algoritmos simples) - fiabilidad 4.5/5 - 5 competencia(s) relacionadas en origen
daw_camara_granada_talento_joven,https://www.youtube.com/watch?v=xBaRjZUVSgc,competencia principal importada: DAW-EMP-001 (Preparar perfil profesional y candidatura) - fiabilidad 4.0/5 - 3 competencia(s) relacionadas en origen
daw_docker,https://www.youtube.com/watch?v=4Dko5W96WHg,competencia principal importada: DAW-DEP-002 (Contenerizar y automatizar entrega) - fiabilidad 4.5/5 - 5 competencia(s) relacionadas en origen
daw_etsiit_ugr_recurso_local,https://www.youtube.com/playlist?list=PLvq-jIkSeTUZ6QgYYO3MwG9EMqC-KoLXA,competencia principal importada: DAW-CLI-001 (Programar interacción con JavaScript en el navegador) - fiabilidad 4.5/5 - 3 competencia(s) relacionadas en origen
daw_evidencia_api_openapi,https://www.youtube.com/watch?v=tDF644vI-gs,"competencia principal importada: DAW-SRV-001 (Crear rutas, validación y lógica de servidor) - fiabilidad 4.5/5 - 5 competencia(s) relacionadas en origen"
daw_evidencia_dashboard_fullstack,https://www.youtube.com/playlist?list=PLvq-jIkSeTUZ5XcUw8fJPTBKEHEKPMTKk,competencia principal importada: DAW-CLI-003 (Construir interfaces basadas en componentes) - fiabilidad 4.5/5 - 5 competencia(s) relacionadas en origen
daw_evidencia_portfolio_accesible,https://www.youtube.com/watch?v=udGrXWeJp1Y,competencia principal importada: DAW-LM-002 (Presentar información de forma responsive) - fiabilidad 4.5/5 - 5 competencia(s) relacionadas en origen
daw_evidencia_pwa_offline,https://www.youtube.com/watch?v=0f26_Enlv38,competencia principal importada: DAW-BAS-004 (Comprender cómo funciona una aplicación conectada) - fiabilidad 4.5/5 - 3 competencia(s) relacionadas en origen
daw_figma_education,https://www.youtube.com/playlist?list=PLvq-jIkSeTUbpfewvbKLhHctdkgadAy-K,competencia principal importada: DAW-UI-001 (Diseñar experiencias usables y coherentes) - fiabilidad 4.5/5 - 5 competencia(s) relacionadas en origen
daw_fp_andalucia_portal,https://www.youtube.com/watch?v=xBaRjZUVSgc,competencia principal importada: DAW-EMP-001 (Preparar perfil profesional y candidatura) - fiabilidad 4.0/5 - 2 competencia(s) relacionadas en origen
daw_fp_dual_empresas_andalucia,https://www.youtube.com/watch?v=xBaRjZUVSgc,competencia principal importada: DAW-EMP-001 (Preparar perfil profesional y candidatura) - fiabilidad 4.0/5 - 3 competencia(s) relacionadas en origen
daw_gdg_granada,https://www.youtube.com/watch?v=uquw8yUKaYM,"competencia principal importada: DAW-DIG-001 (Analizar digitalización, datos e IA de forma responsable) - fiabilidad 4.0/5 - 5 competencia(s) relacionadas en origen"
daw_github_blog,https://www.youtube.com/watch?v=3GymExBkKjE,competencia principal importada: DAW-ED-001 (Usar Git y un flujo de trabajo colaborativo) - fiabilidad 4.5/5 - 5 competencia(s) relacionadas en origen
daw_github_skills,https://www.youtube.com/watch?v=3GymExBkKjE,competencia principal importada: DAW-ED-001 (Usar Git y un flujo de trabajo colaborativo) - fiabilidad 4.5/5 - 5 competencia(s) relacionadas en origen
daw_github_student_pack,https://www.youtube.com/watch?v=3GymExBkKjE,competencia principal importada: DAW-ED-001 (Usar Git y un flujo de trabajo colaborativo) - fiabilidad 4.5/5 - 5 competencia(s) relacionadas en origen
daw_granada_empleo_iii,https://www.youtube.com/watch?v=xBaRjZUVSgc,competencia principal importada: DAW-EMP-001 (Preparar perfil profesional y candidatura) - fiabilidad 4.0/5 - 3 competencia(s) relacionadas en origen
daw_granada_tech_open_space_2026,https://www.youtube.com/watch?v=xBaRjZUVSgc,competencia principal importada: DAW-EMP-001 (Preparar perfil profesional y candidatura) - fiabilidad 4.0/5 - 3 competencia(s) relacionadas en origen
daw_hacktoberfest_2026,https://www.youtube.com/watch?v=3GymExBkKjE,competencia principal importada: DAW-ED-001 (Usar Git y un flujo de trabajo colaborativo) - fiabilidad 4.5/5 - 5 competencia(s) relacionadas en origen
daw_ies_alonso_cano_durcal,https://www.youtube.com/watch?v=0f26_Enlv38,competencia principal importada: DAW-BAS-004 (Comprender cómo funciona una aplicación conectada) - fiabilidad 4.5/5 - 3 competencia(s) relacionadas en origen
daw_ies_zaidin_vergeles,https://www.youtube.com/watch?v=xBaRjZUVSgc,competencia principal importada: DAW-EMP-001 (Preparar perfil profesional y candidatura) - fiabilidad 4.0/5 - 2 competencia(s) relacionadas en origen
daw_mdn_aprende_desarrollo_web,https://www.youtube.com/watch?v=udGrXWeJp1Y,competencia principal importada: DAW-LM-002 (Presentar información de forma responsive) - fiabilidad 4.5/5 - 5 competencia(s) relacionadas en origen
daw_mdn_web_docs,https://www.youtube.com/watch?v=0f26_Enlv38,competencia principal importada: DAW-BAS-004 (Comprender cómo funciona una aplicación conectada) - fiabilidad 4.5/5 - 5 competencia(s) relacionadas en origen
daw_microsoft_web_dev_beginners,https://www.youtube.com/watch?v=JOAqpdM36wI,"competencia principal importada: DAW-PRO-001 (Programar con variables, decisiones y bucles) - fiabilidad 4.5/5 - 5 competencia(s) relacionadas en origen"
daw_nasa_space_apps_2026,https://www.youtube.com/watch?v=0f26_Enlv38,competencia principal importada: DAW-BAS-004 (Comprender cómo funciona una aplicación conectada) - fiabilidad 4.5/5 - 5 competencia(s) relacionadas en origen
daw_nextjs_learn,https://www.youtube.com/playlist?list=PLvq-jIkSeTUZ5XcUw8fJPTBKEHEKPMTKk,competencia principal importada: DAW-CLI-003 (Construir interfaces basadas en componentes) - fiabilidad 4.5/5 - 5 competencia(s) relacionadas en origen
daw_opensouthcode_2026,https://www.youtube.com/watch?v=0f26_Enlv38,competencia principal importada: DAW-BAS-004 (Comprender cómo funciona una aplicación conectada) - fiabilidad 4.5/5 - 5 competencia(s) relacionadas en origen
daw_postman,https://www.youtube.com/watch?v=0f26_Enlv38,competencia principal importada: DAW-BAS-004 (Comprender cómo funciona una aplicación conectada) - fiabilidad 4.5/5 - 5 competencia(s) relacionadas en origen
daw_react_learn,https://www.youtube.com/playlist?list=PLvq-jIkSeTUZ6QgYYO3MwG9EMqC-KoLXA,competencia principal importada: DAW-CLI-001 (Programar interacción con JavaScript en el navegador) - fiabilidad 4.5/5 - 5 competencia(s) relacionadas en origen
daw_sae_ofertas_empleo,https://www.youtube.com/watch?v=0f26_Enlv38,competencia principal importada: DAW-BAS-004 (Comprender cómo funciona una aplicación conectada) - fiabilidad 4.5/5 - 5 competencia(s) relacionadas en origen
daw_tecnoempleo,https://www.youtube.com/watch?v=xBaRjZUVSgc,competencia principal importada: DAW-EMP-001 (Preparar perfil profesional y candidatura) - fiabilidad 4.0/5 - 5 competencia(s) relacionadas en origen
daw_todofp_perfil,https://www.youtube.com/watch?v=0f26_Enlv38,competencia principal importada: DAW-BAS-004 (Comprender cómo funciona una aplicación conectada) - fiabilidad 4.5/5 - 3 competencia(s) relacionadas en origen
daw_visual_studio_code,https://www.youtube.com/watch?v=udGrXWeJp1Y,competencia principal importada: DAW-LM-002 (Presentar información de forma responsive) - fiabilidad 4.5/5 - 5 competencia(s) relacionadas en origen
mp_aje_granada_comunidad,https://www.youtube.com/watch?v=xBaRjZUVSgc,competencia principal importada: MP-EVT-001 (Diseñar y evaluar un evento de marketing) - fiabilidad 4.0/5 - 3 competencia(s) relacionadas en origen
mp_aje_granada_entidad,https://www.youtube.com/watch?v=xBaRjZUVSgc,competencia principal importada: MP-EVT-001 (Diseñar y evaluar un evento de marketing) - fiabilidad 4.0/5 - 3 competencia(s) relacionadas en origen
mp_alhambra_venture_2026,https://www.youtube.com/watch?v=havARJ_ZQg8,competencia principal importada: MP-PRJ-002 (Presentar y defender una propuesta) - fiabilidad 5.0/5 - 5 competencia(s) relacionadas en origen
mp_andalucia_emprende_eventos,https://www.youtube.com/watch?v=Ama6IGE6tIs,competencia principal importada: MP-FIN-002 (Evaluar inversión y retorno de marketing) - fiabilidad 5.0/5 - 5 competencia(s) relacionadas en origen
mp_andalucia_nexus_lab,https://www.youtube.com/watch?v=Ama6IGE6tIs,competencia principal importada: MP-DIG-001 (Planificar presencia web y conversión) - fiabilidad 5.0/5 - 5 competencia(s) relacionadas en origen
mp_andalucia_vuela_campanas_redes,https://www.youtube.com/watch?v=m8i4fMUCpK0,"competencia principal importada: MP-BAS-003 (Calcular porcentajes, costes y métricas básicas) - fiabilidad 4.5/5 - 5 competencia(s) relacionadas en origen"
mp_andalucia_vuela_marca_redes,https://www.youtube.com/watch?v=Ama6IGE6tIs,competencia principal importada: MP-POL-003 (Construir un plan de marketing medible) - fiabilidad 5.0/5 - 4 competencia(s) relacionadas en origen
mp_cade_granada,https://www.youtube.com/watch?v=havARJ_ZQg8,competencia principal importada: MP-EMP-001 (Construir portfolio y candidatura de marketing) - fiabilidad 5.0/5 - 2 competencia(s) relacionadas en origen
mp_camara_comercio_granada,https://www.youtube.com/watch?v=havARJ_ZQg8,competencia principal importada: MP-EMP-001 (Construir portfolio y candidatura de marketing) - fiabilidad 5.0/5 - 2 competencia(s) relacionadas en origen
mp_camara_direccion_edicion_video_2026,https://www.youtube.com/watch?v=havARJ_ZQg8,competencia principal importada: MP-DIS-002 (Producir contenido audiovisual breve) - fiabilidad 5.0/5 - 5 competencia(s) relacionadas en origen
mp_camara_fotografia_producto_2026,https://www.youtube.com/watch?v=-xm2vgPHdHg,competencia principal importada: MP-BAS-002 (Redactar mensajes claros y orientados a una acción) - fiabilidad 5.0/5 - 5 competencia(s) relacionadas en origen
mp_camara_granada_ofertas_empleo,https://www.youtube.com/watch?v=havARJ_ZQg8,competencia principal importada: MP-EMP-001 (Construir portfolio y candidatura de marketing) - fiabilidad 5.0/5 - 5 competencia(s) relacionadas en origen
mp_camara_ia_marketing_2026,https://www.youtube.com/watch?v=Ama6IGE6tIs,competencia principal importada: MP-POL-003 (Construir un plan de marketing medible) - fiabilidad 5.0/5 - 5 competencia(s) relacionadas en origen
mp_camara_ux_ui_2026,https://www.youtube.com/watch?v=Ama6IGE6tIs,competencia principal importada: MP-DIG-001 (Planificar presencia web y conversión) - fiabilidad 5.0/5 - 4 competencia(s) relacionadas en origen
mp_club_marketing_granada,https://www.youtube.com/watch?v=Ama6IGE6tIs,competencia principal importada: MP-FIN-002 (Evaluar inversión y retorno de marketing) - fiabilidad 5.0/5 - 5 competencia(s) relacionadas en origen
mp_club_marketing_granada_entidad,https://www.youtube.com/watch?v=Ama6IGE6tIs,competencia principal importada: MP-FIN-002 (Evaluar inversión y retorno de marketing) - fiabilidad 5.0/5 - 5 competencia(s) relacionadas en origen
mp_des_malaga_2026,https://www.youtube.com/watch?v=m8i4fMUCpK0,"competencia principal importada: MP-BAS-003 (Calcular porcentajes, costes y métricas básicas) - fiabilidad 4.5/5 - 5 competencia(s) relacionadas en origen"
mp_eures_empleo_marketing,https://www.youtube.com/watch?v=havARJ_ZQg8,competencia principal importada: MP-EMP-001 (Construir portfolio y candidatura de marketing) - fiabilidad 5.0/5 - 5 competencia(s) relacionadas en origen
mp_eures_movilidad_tms,https://www.youtube.com/watch?v=havARJ_ZQg8,competencia principal importada: MP-EMP-001 (Construir portfolio y candidatura de marketing) - fiabilidad 5.0/5 - 3 competencia(s) relacionadas en origen
mp_evidencia_calendario_contenidos,https://www.youtube.com/watch?v=-xm2vgPHdHg,competencia principal importada: MP-BAS-002 (Redactar mensajes claros y orientados a una acción) - fiabilidad 5.0/5 - 5 competencia(s) relacionadas en origen
mp_evidencia_campana_email,https://www.youtube.com/watch?v=-xm2vgPHdHg,competencia principal importada: MP-BAS-002 (Redactar mensajes claros y orientados a una acción) - fiabilidad 5.0/5 - 5 competencia(s) relacionadas en origen
mp_evidencia_campana_google_ads,https://www.youtube.com/watch?v=Ama6IGE6tIs,competencia principal importada: MP-DIG-004 (Planificar publicidad digital) - fiabilidad 5.0/5 - 5 competencia(s) relacionadas en origen
mp_evidencia_campana_social_ads,https://www.youtube.com/watch?v=Ama6IGE6tIs,competencia principal importada: MP-DIG-004 (Planificar publicidad digital) - fiabilidad 5.0/5 - 5 competencia(s) relacionadas en origen
mp_evidencia_dashboard_marketing,https://www.youtube.com/watch?v=Ama6IGE6tIs,competencia principal importada: MP-POL-003 (Construir un plan de marketing medible) - fiabilidad 5.0/5 - 5 competencia(s) relacionadas en origen
mp_evidencia_investigacion_mercado,https://www.youtube.com/watch?v=szlGX3MseWc,competencia principal importada: MP-INV-002 (Diseñar cuestionarios y muestras) - fiabilidad 4.0/5 - 5 competencia(s) relacionadas en origen
mp_evidencia_plan_marketing_integrado,https://www.youtube.com/watch?v=Ama6IGE6tIs,competencia principal importada: MP-POL-003 (Construir un plan de marketing medible) - fiabilidad 5.0/5 - 5 competencia(s) relacionadas en origen
mp_fp_dual_angel_ganivet,https://www.youtube.com/watch?v=havARJ_ZQg8,competencia principal importada: MP-EMP-001 (Construir portfolio y candidatura de marketing) - fiabilidad 5.0/5 - 5 competencia(s) relacionadas en origen
mp_fuente_aimc,https://www.youtube.com/watch?v=Ama6IGE6tIs,competencia principal importada: MP-MED-001 (Construir un plan de medios) - fiabilidad 5.0/5 - 5 competencia(s) relacionadas en origen
mp_fuente_asociacion_marketing_espana,https://www.youtube.com/watch?v=Ama6IGE6tIs,competencia principal importada: MP-FIN-002 (Evaluar inversión y retorno de marketing) - fiabilidad 5.0/5 - 5 competencia(s) relacionadas en origen
mp_fuente_club_marketing_granada,https://www.youtube.com/watch?v=Ama6IGE6tIs,competencia principal importada: MP-FIN-002 (Evaluar inversión y retorno de marketing) - fiabilidad 5.0/5 - 5 competencia(s) relacionadas en origen
mp_fuente_google_trends,https://www.youtube.com/watch?v=Ama6IGE6tIs,competencia principal importada: MP-DIG-004 (Planificar publicidad digital) - fiabilidad 5.0/5 - 3 competencia(s) relacionadas en origen
mp_fuente_iab_spain,https://www.youtube.com/watch?v=Ama6IGE6tIs,competencia principal importada: MP-DIG-001 (Planificar presencia web y conversión) - fiabilidad 5.0/5 - 5 competencia(s) relacionadas en origen
mp_fuente_infoadex,https://www.youtube.com/watch?v=Ama6IGE6tIs,competencia principal importada: MP-MED-001 (Construir un plan de medios) - fiabilidad 5.0/5 - 5 competencia(s) relacionadas en origen
mp_fuente_ontsi_ecommerce,https://www.youtube.com/watch?v=m8i4fMUCpK0,"competencia principal importada: MP-BAS-003 (Calcular porcentajes, costes y métricas básicas) - fiabilidad 4.5/5 - 5 competencia(s) relacionadas en origen"
mp_fundacion_sepi_becas_fp_2026,https://www.youtube.com/watch?v=havARJ_ZQg8,competencia principal importada: MP-EMP-001 (Construir portfolio y candidatura de marketing) - fiabilidad 5.0/5 - 5 competencia(s) relacionadas en origen
mp_google_ads_skillshop,https://www.youtube.com/watch?v=Ama6IGE6tIs,competencia principal importada: MP-DIG-004 (Planificar publicidad digital) - fiabilidad 5.0/5 - 3 competencia(s) relacionadas en origen
mp_herramienta_canva,https://www.youtube.com/watch?v=havARJ_ZQg8,competencia principal importada: MP-DIS-001 (Crear identidad visual y piezas coherentes) - fiabilidad 5.0/5 - 5 competencia(s) relacionadas en origen
mp_herramienta_google_analytics,https://www.youtube.com/watch?v=mKu6FI53BxE,"competencia principal importada: MP-DIG-005 (Medir adquisición, conversión y rendimiento) - fiabilidad 4.5/5 - 4 competencia(s) relacionadas en origen"
mp_herramienta_google_forms,https://www.youtube.com/watch?v=szlGX3MseWc,competencia principal importada: MP-INV-001 (Diseñar una investigación de mercado) - fiabilidad 4.0/5 - 5 competencia(s) relacionadas en origen
mp_herramienta_google_trends,https://www.youtube.com/watch?v=szlGX3MseWc,competencia principal importada: MP-INV-001 (Diseñar una investigación de mercado) - fiabilidad 4.0/5 - 5 competencia(s) relacionadas en origen
mp_herramienta_hubspot_crm,https://www.youtube.com/watch?v=RXbOwk1l2T8,"competencia principal importada: MP-CRM-001 (Gestionar contactos, leads y consentimiento en CRM) - fiabilidad 5.0/5 - 5 competencia(s) relacionadas en origen"
mp_herramienta_looker_studio,https://www.youtube.com/watch?v=m8i4fMUCpK0,"competencia principal importada: MP-DAT-001 (Limpiar, analizar y visualizar datos) - fiabilidad 4.5/5 - 5 competencia(s) relacionadas en origen"
mp_herramienta_mailchimp,https://www.youtube.com/watch?v=U8izqPoZMWg,competencia principal importada: MP-DIG-003 (Diseñar email marketing y automatizaciones) - fiabilidad 5.0/5 - 5 competencia(s) relacionadas en origen
mp_herramienta_meta_business_suite,https://www.youtube.com/watch?v=xBaRjZUVSgc,"competencia principal importada: MP-BAS-001 (Organizar archivos, cuentas y activos de una campaña) - fiabilidad 4.0/5 - 4 competencia(s) relacionadas en origen"
mp_herramienta_metricool,https://www.youtube.com/watch?v=-xm2vgPHdHg,"competencia principal importada: MP-POL-001 (Analizar mercado, competencia y situación) - fiabilidad 5.0/5 - 3 competencia(s) relacionadas en origen"
mp_herramienta_search_console,https://www.youtube.com/watch?v=SSlqtLQ5xJQ,competencia principal importada: MP-DIG-002 (Aplicar SEO y estrategia de contenidos) - fiabilidad 5.0/5 - 3 competencia(s) relacionadas en origen
mp_hubspot_marketing_digital,https://www.youtube.com/watch?v=Ama6IGE6tIs,competencia principal importada: MP-DIG-001 (Planificar presencia web y conversión) - fiabilidad 5.0/5 - 5 competencia(s) relacionadas en origen
mp_hubspot_publicidad_digital,https://www.youtube.com/watch?v=Ama6IGE6tIs,competencia principal importada: MP-DIG-004 (Planificar publicidad digital) - fiabilidad 5.0/5 - 5 competencia(s) relacionadas en origen
mp_hubspot_social_media,https://www.youtube.com/watch?v=Ama6IGE6tIs,competencia principal importada: MP-FIN-002 (Evaluar inversión y retorno de marketing) - fiabilidad 5.0/5 - 5 competencia(s) relacionadas en origen
mp_ies_angel_ganivet,https://www.youtube.com/watch?v=Ama6IGE6tIs,competencia principal importada: MP-FIN-002 (Evaluar inversión y retorno de marketing) - fiabilidad 5.0/5 - 5 competencia(s) relacionadas en origen
mp_jornadas_publicidad_exterior_granada_2026,https://www.youtube.com/watch?v=Ama6IGE6tIs,competencia principal importada: MP-MED-001 (Construir un plan de medios) - fiabilidad 5.0/5 - 5 competencia(s) relacionadas en origen
mp_la_fede_comunidad,https://www.youtube.com/watch?v=-xm2vgPHdHg,competencia principal importada: MP-BAS-002 (Redactar mensajes claros y orientados a una acción) - fiabilidad 5.0/5 - 5 competencia(s) relacionadas en origen
mp_meta_blueprint_publicidad,https://www.youtube.com/watch?v=Ama6IGE6tIs,competencia principal importada: MP-DIG-004 (Planificar publicidad digital) - fiabilidad 5.0/5 - 4 competencia(s) relacionadas en origen
mp_portal_empleate_sepe,https://www.youtube.com/watch?v=havARJ_ZQg8,competencia principal importada: MP-EMP-001 (Construir portfolio y candidatura de marketing) - fiabilidad 5.0/5 - 5 competencia(s) relacionadas en origen
mp_sae_busqueda_empleo,https://www.youtube.com/watch?v=havARJ_ZQg8,competencia principal importada: MP-EMP-001 (Construir portfolio y candidatura de marketing) - fiabilidad 5.0/5 - 5 competencia(s) relacionadas en origen
mp_talento_joven_camara_granada,https://www.youtube.com/watch?v=havARJ_ZQg8,competencia principal importada: MP-EMP-001 (Construir portfolio y candidatura de marketing) - fiabilidad 5.0/5 - 3 competencia(s) relacionadas en origen
mp_technology_for_marketing_madrid_2026,https://www.youtube.com/watch?v=xBaRjZUVSgc,competencia principal importada: MP-EVT-001 (Diseñar y evaluar un evento de marketing) - fiabilidad 4.0/5 - 5 competencia(s) relacionadas en origen
mp_titulo_oficial_andalucia,https://www.youtube.com/watch?v=Ama6IGE6tIs,competencia principal importada: MP-FIN-002 (Evaluar inversión y retorno de marketing) - fiabilidad 5.0/5 - 5 competencia(s) relacionadas en origen
mp_todofp_marketing_publicidad,https://www.youtube.com/watch?v=Ama6IGE6tIs,competencia principal importada: MP-FIN-002 (Evaluar inversión y retorno de marketing) - fiabilidad 5.0/5 - 5 competencia(s) relacionadas en origen
mp_ugr_emprendedora,https://www.youtube.com/watch?v=havARJ_ZQg8,competencia principal importada: MP-EMP-001 (Construir portfolio y candidatura de marketing) - fiabilidad 5.0/5 - 2 competencia(s) relacionadas en origen
tsaf_agesport_comunidad,https://www.youtube.com/playlist?list=PLU_3vrvW7HKenS14CstIF_H5fRvnBgi6z,"competencia principal importada: TSAF-GES-001 (Organizar recursos, calidad y seguridad de una instalación) - fiabilidad 4.0/5 - 4 competencia(s) relacionadas en origen"
tsaf_ayuntamiento_granada_bolsas,https://www.youtube.com/watch?v=xBaRjZUVSgc,competencia principal importada: TSAF-EMP-001 (Preparar candidatura profesional en fitness y deporte) - fiabilidad 4.0/5 - 3 competencia(s) relacionadas en origen
tsaf_basic_fit_empleo,https://www.youtube.com/watch?v=xBaRjZUVSgc,competencia principal importada: TSAF-EMP-001 (Preparar candidatura profesional en fitness y deporte) - fiabilidad 4.0/5 - 5 competencia(s) relacionadas en origen
tsaf_bop_granada_bolsa_monitores_2026,https://www.youtube.com/watch?v=xBaRjZUVSgc,competencia principal importada: TSAF-EMP-001 (Preparar candidatura profesional en fitness y deporte) - fiabilidad 4.0/5 - 3 competencia(s) relacionadas en origen
tsaf_camd_granada,https://www.youtube.com/watch?v=ga88pqiForY,competencia principal importada: TSAF-BAS-003 (Comprender respuestas básicas al ejercicio) - fiabilidad 5.0/5 - 5 competencia(s) relacionadas en origen
tsaf_carreras_montana_granada_2026,https://www.youtube.com/playlist?list=PLU_3vrvW7HKenS14CstIF_H5fRvnBgi6z,"competencia principal importada: TSAF-BAS-005 (Distinguir alcance profesional, derivación y consentimiento) - fiabilidad 4.0/5 - 5 competencia(s) relacionadas en origen"
tsaf_centro_1sport_granada,https://www.youtube.com/watch?v=xBaRjZUVSgc,competencia principal importada: TSAF-EMP-001 (Preparar candidatura profesional en fitness y deporte) - fiabilidad 4.0/5 - 2 competencia(s) relacionadas en origen
tsaf_circuito_campo_traves_granada,https://www.youtube.com/watch?v=xBaRjZUVSgc,competencia principal importada: TSAF-GES-002 (Diseñar y ejecutar un evento de actividad física) - fiabilidad 4.0/5 - 5 competencia(s) relacionadas en origen
tsaf_colef_andalucia_comunidad,https://www.youtube.com/watch?v=xBaRjZUVSgc,competencia principal importada: TSAF-EMP-001 (Preparar candidatura profesional en fitness y deporte) - fiabilidad 4.0/5 - 2 competencia(s) relacionadas en origen
tsaf_concejalia_deportes_granada,https://www.youtube.com/playlist?list=PLU_3vrvW7HKenS14CstIF_H5fRvnBgi6z,"competencia principal importada: TSAF-GES-001 (Organizar recursos, calidad y seguridad de una instalación) - fiabilidad 4.0/5 - 4 competencia(s) relacionadas en origen"
tsaf_congreso_addijes_granada_2026,https://www.youtube.com/watch?v=xBaRjZUVSgc,competencia principal importada: TSAF-GES-002 (Diseñar y ejecutar un evento de actividad física) - fiabilidad 4.0/5 - 4 competencia(s) relacionadas en origen
tsaf_congreso_agesport_2026,https://www.youtube.com/playlist?list=PLU_3vrvW7HKenS14CstIF_H5fRvnBgi6z,"competencia principal importada: TSAF-GES-001 (Organizar recursos, calidad y seguridad de una instalación) - fiabilidad 4.0/5 - 5 competencia(s) relacionadas en origen"
tsaf_csd_estrategia_sedentarismo_2026,https://www.youtube.com/watch?v=ga88pqiForY,competencia principal importada: TSAF-BAS-003 (Comprender respuestas básicas al ejercicio) - fiabilidad 5.0/5 - 2 competencia(s) relacionadas en origen
tsaf_curriculo_boja_andalucia,https://www.youtube.com/playlist?list=PLU_3vrvW7HKenS14CstIF_H5fRvnBgi6z,competencia principal importada: TSAF-MUS-002 (Diseñar coreografías por niveles) - fiabilidad 4.0/5 - 3 competencia(s) relacionadas en origen
tsaf_davante_granada,https://www.youtube.com/watch?v=xBaRjZUVSgc,competencia principal importada: TSAF-EMP-001 (Preparar candidatura profesional en fitness y deporte) - fiabilidad 4.0/5 - 2 competencia(s) relacionadas en origen
tsaf_diputacion_deportes_granada,https://www.youtube.com/playlist?list=PLU_3vrvW7HKenS14CstIF_H5fRvnBgi6z,"competencia principal importada: TSAF-GES-001 (Organizar recursos, calidad y seguridad de una instalación) - fiabilidad 4.0/5 - 4 competencia(s) relacionadas en origen"
tsaf_efa_el_soto_chauchina,https://www.youtube.com/watch?v=xBaRjZUVSgc,competencia principal importada: TSAF-EMP-001 (Preparar candidatura profesional en fitness y deporte) - fiabilidad 4.0/5 - 2 competencia(s) relacionadas en origen
tsaf_empleo_deporte_portal,https://www.youtube.com/watch?v=xBaRjZUVSgc,competencia principal importada: TSAF-EMP-001 (Preparar candidatura profesional en fitness y deporte) - fiabilidad 4.0/5 - 5 competencia(s) relacionadas en origen
tsaf_eures_empleo_deporte,https://www.youtube.com/watch?v=eAnc33YC0n8,competencia principal importada: TSAF-FIT-001 (Seleccionar ejercicios y enseñar técnica) - fiabilidad 4.5/5 - 5 competencia(s) relacionadas en origen
tsaf_evidencia_acondicionamiento_agua,https://www.youtube.com/playlist?list=PLU_3vrvW7HKenS14CstIF_H5fRvnBgi6z,competencia principal importada: TSAF-AQU-002 (Programar y dirigir una sesión acuática) - fiabilidad 4.0/5 - 5 competencia(s) relacionadas en origen
tsaf_evidencia_plan_emergencia_dea,https://www.youtube.com/watch?v=yUsVWNTQif8,competencia principal importada: TSAF-AUX-002 (Aplicar RCP básica y DEA) - fiabilidad 5.0/5 - 5 competencia(s) relacionadas en origen
tsaf_evidencia_programa_fuerza_12_semanas,https://www.youtube.com/watch?v=eAnc33YC0n8,"competencia principal importada: TSAF-FIT-002 (Programar fuerza, resistencia y movilidad) - fiabilidad 4.5/5 - 5 competencia(s) relacionadas en origen"
tsaf_evidencia_programa_personas_mayores,https://www.youtube.com/watch?v=eAnc33YC0n8,competencia principal importada: TSAF-VAL-002 (Aplicar pruebas básicas de condición física) - fiabilidad 4.5/5 - 5 competencia(s) relacionadas en origen
tsaf_evidencia_servicio_entrenamiento_personal,https://www.youtube.com/watch?v=eAnc33YC0n8,competencia principal importada: TSAF-PRJ-001 (Crear un programa integral de acondicionamiento físico) - fiabilidad 4.5/5 - 5 competencia(s) relacionadas en origen
tsaf_evidencia_sesion_soporte_musical,https://www.youtube.com/playlist?list=PLU_3vrvW7HKenS14CstIF_H5fRvnBgi6z,competencia principal importada: TSAF-BAS-004 (Comunicar instrucciones de forma clara y segura) - fiabilidad 4.0/5 - 5 competencia(s) relacionadas en origen
tsaf_evidencia_valoracion_inicial,https://www.youtube.com/playlist?list=PLU_3vrvW7HKenS14CstIF_H5fRvnBgi6z,"competencia principal importada: TSAF-BAS-005 (Distinguir alcance profesional, derivación y consentimiento) - fiabilidad 4.0/5 - 5 competencia(s) relacionadas en origen"
tsaf_evidencia_videoanalisis_kinovea,https://www.youtube.com/playlist?list=PLU_3vrvW7HKenS14CstIF_H5fRvnBgi6z,competencia principal importada: TSAF-BAS-002 (Reconocer anatomía y movimientos fundamentales) - fiabilidad 4.0/5 - 3 competencia(s) relacionadas en origen
tsaf_facultad_ciencias_deporte_ugr,https://www.youtube.com/playlist?list=PLU_3vrvW7HKenS14CstIF_H5fRvnBgi6z,"competencia principal importada: TSAF-GES-001 (Organizar recursos, calidad y seguridad de una instalación) - fiabilidad 4.0/5 - 3 competencia(s) relacionadas en origen"
tsaf_fuente_colef_andalucia,https://www.youtube.com/watch?v=xBaRjZUVSgc,competencia principal importada: TSAF-EMP-001 (Preparar candidatura profesional en fitness y deporte) - fiabilidad 4.0/5 - 2 competencia(s) relacionadas en origen
tsaf_fuente_consejo_colef_boletin,https://www.youtube.com/watch?v=xBaRjZUVSgc,competencia principal importada: TSAF-EMP-001 (Preparar candidatura profesional en fitness y deporte) - fiabilidad 4.0/5 - 2 competencia(s) relacionadas en origen
tsaf_fuente_csd,https://www.youtube.com/watch?v=xBaRjZUVSgc,competencia principal importada: TSAF-GES-002 (Diseñar y ejecutar un evento de actividad física) - fiabilidad 4.0/5 - 4 competencia(s) relacionadas en origen
tsaf_fuente_espana_activa_observatorio,https://www.youtube.com/watch?v=eAnc33YC0n8,competencia principal importada: TSAF-FIT-001 (Seleccionar ejercicios y enseñar técnica) - fiabilidad 4.5/5 - 5 competencia(s) relacionadas en origen
tsaf_fuente_iad_noticias,https://www.youtube.com/watch?v=xBaRjZUVSgc,competencia principal importada: TSAF-EMP-001 (Preparar candidatura profesional en fitness y deporte) - fiabilidad 4.0/5 - 2 competencia(s) relacionadas en origen
tsaf_fuente_oms_actividad_fisica,https://www.youtube.com/watch?v=m8i4fMUCpK0,"competencia principal importada: TSAF-BAS-001 (Organizar archivos, formularios y hojas de cálculo) - fiabilidad 4.5/5 - 5 competencia(s) relacionadas en origen"
tsaf_fuente_revista_andaluza_medicina_deporte,https://www.youtube.com/watch?v=ga88pqiForY,competencia principal importada: TSAF-BAS-003 (Comprender respuestas básicas al ejercicio) - fiabilidad 5.0/5 - 3 competencia(s) relacionadas en origen
tsaf_gofit_empleo_practicas,https://www.youtube.com/watch?v=xBaRjZUVSgc,competencia principal importada: TSAF-EMP-001 (Preparar candidatura profesional en fitness y deporte) - fiabilidad 4.0/5 - 5 competencia(s) relacionadas en origen
tsaf_gran_premio_fondo_granada_2026,https://www.youtube.com/watch?v=xBaRjZUVSgc,competencia principal importada: TSAF-GES-002 (Diseñar y ejecutar un evento de actividad física) - fiabilidad 4.0/5 - 5 competencia(s) relacionadas en origen
tsaf_herramienta_excel,https://www.youtube.com/watch?v=m8i4fMUCpK0,"competencia principal importada: TSAF-BAS-001 (Organizar archivos, formularios y hojas de cálculo) - fiabilidad 4.5/5 - 5 competencia(s) relacionadas en origen"
tsaf_herramienta_garmin_connect,https://www.youtube.com/watch?v=m8i4fMUCpK0,competencia principal importada: TSAF-DIG-001 (Usar tecnología y datos en seguimiento sin invadir privacidad) - fiabilidad 4.5/5 - 5 competencia(s) relacionadas en origen
tsaf_herramienta_google_forms,https://www.youtube.com/playlist?list=PLU_3vrvW7HKenS14CstIF_H5fRvnBgi6z,"competencia principal importada: TSAF-BAS-005 (Distinguir alcance profesional, derivación y consentimiento) - fiabilidad 4.0/5 - 1 competencia(s) relacionadas en origen"
tsaf_herramienta_hexfit,https://www.youtube.com/watch?v=eAnc33YC0n8,"competencia principal importada: TSAF-FIT-002 (Programar fuerza, resistencia y movilidad) - fiabilidad 4.5/5 - 2 competencia(s) relacionadas en origen"
tsaf_herramienta_kinovea,https://www.youtube.com/playlist?list=PLU_3vrvW7HKenS14CstIF_H5fRvnBgi6z,competencia principal importada: TSAF-BAS-002 (Reconocer anatomía y movimientos fundamentales) - fiabilidad 4.0/5 - 3 competencia(s) relacionadas en origen
tsaf_herramienta_polar_flow,https://www.youtube.com/watch?v=ga88pqiForY,competencia principal importada: TSAF-BAS-003 (Comprender respuestas básicas al ejercicio) - fiabilidad 5.0/5 - 5 competencia(s) relacionadas en origen
tsaf_herramienta_strava,https://www.youtube.com/watch?v=szlGX3MseWc,competencia principal importada: TSAF-VAL-001 (Realizar entrevista inicial y cribado básico) - fiabilidad 4.0/5 - 2 competencia(s) relacionadas en origen
tsaf_herramienta_trainerize,https://www.youtube.com/watch?v=m8i4fMUCpK0,competencia principal importada: TSAF-VAL-003 (Registrar y analizar evolución) - fiabilidad 4.5/5 - 3 competencia(s) relacionadas en origen
tsaf_herramienta_trainingpeaks,https://www.youtube.com/watch?v=eAnc33YC0n8,"competencia principal importada: TSAF-FIT-002 (Programar fuerza, resistencia y movilidad) - fiabilidad 4.5/5 - 5 competencia(s) relacionadas en origen"
tsaf_hyrox_malaga_2026,https://www.youtube.com/watch?v=xBaRjZUVSgc,competencia principal importada: TSAF-GES-002 (Diseñar y ejecutar un evento de actividad física) - fiabilidad 4.0/5 - 5 competencia(s) relacionadas en origen
tsaf_iad_accesibilidad_instalaciones,https://www.youtube.com/watch?v=DTAz-DkU-FE,competencia principal importada: TSAF-ESP-001 (Adaptar actividad a personas mayores y colectivos diversos) - fiabilidad 5.0/5 - 5 competencia(s) relacionadas en origen
tsaf_iad_dolor_lumbar_2026,https://www.youtube.com/watch?v=ga88pqiForY,competencia principal importada: TSAF-BAS-003 (Comprender respuestas básicas al ejercicio) - fiabilidad 5.0/5 - 5 competencia(s) relacionadas en origen
tsaf_iad_entrenamiento_fuerza,https://www.youtube.com/watch?v=eAnc33YC0n8,"competencia principal importada: TSAF-FIT-002 (Programar fuerza, resistencia y movilidad) - fiabilidad 4.5/5 - 5 competencia(s) relacionadas en origen"
tsaf_iad_formacion_continua_2026,https://www.youtube.com/playlist?list=PLU_3vrvW7HKenS14CstIF_H5fRvnBgi6z,"competencia principal importada: TSAF-GES-001 (Organizar recursos, calidad y seguridad de una instalación) - fiabilidad 4.0/5 - 5 competencia(s) relacionadas en origen"
tsaf_iad_fundamentos_entrenamiento,https://www.youtube.com/watch?v=eAnc33YC0n8,competencia principal importada: TSAF-VAL-002 (Aplicar pruebas básicas de condición física) - fiabilidad 4.5/5 - 5 competencia(s) relacionadas en origen
tsaf_iad_material_adultos_mayores,https://www.youtube.com/watch?v=ga88pqiForY,competencia principal importada: TSAF-BAS-003 (Comprender respuestas básicas al ejercicio) - fiabilidad 5.0/5 - 5 competencia(s) relacionadas en origen
tsaf_iad_rcp_profesionales_deporte,https://www.youtube.com/watch?v=yUsVWNTQif8,competencia principal importada: TSAF-AUX-002 (Aplicar RCP básica y DEA) - fiabilidad 5.0/5 - 4 competencia(s) relacionadas en origen
tsaf_iad_tecnicos_personas_mayores,https://www.youtube.com/watch?v=ga88pqiForY,competencia principal importada: TSAF-BAS-003 (Comprender respuestas básicas al ejercicio) - fiabilidad 5.0/5 - 5 competencia(s) relacionadas en origen
tsaf_ies_hermenegildo_lanz_colaborador_2026,https://www.youtube.com/watch?v=xBaRjZUVSgc,competencia principal importada: TSAF-EMP-001 (Preparar candidatura profesional en fitness y deporte) - fiabilidad 4.0/5 - 2 competencia(s) relacionadas en origen
tsaf_ies_pedro_antonio_alarcon,https://www.youtube.com/watch?v=xBaRjZUVSgc,competencia principal importada: TSAF-EMP-001 (Preparar candidatura profesional en fitness y deporte) - fiabilidad 4.0/5 - 2 competencia(s) relacionadas en origen
tsaf_junta_buscador_fpe_deporte,https://www.youtube.com/watch?v=eAnc33YC0n8,competencia principal importada: TSAF-FIT-001 (Seleccionar ejercicios y enseñar técnica) - fiabilidad 4.5/5 - 5 competencia(s) relacionadas en origen
tsaf_liga_hibrida_andalucia,https://www.youtube.com/watch?v=eAnc33YC0n8,competencia principal importada: TSAF-VAL-002 (Aplicar pruebas básicas de condición física) - fiabilidad 4.5/5 - 5 competencia(s) relacionadas en origen
tsaf_medac_granada,https://www.youtube.com/playlist?list=PLU_3vrvW7HKenS14CstIF_H5fRvnBgi6z,"competencia principal importada: TSAF-GES-001 (Organizar recursos, calidad y seguridad de una instalación) - fiabilidad 4.0/5 - 4 competencia(s) relacionadas en origen"
tsaf_oms_directrices_actividad_fisica,https://www.youtube.com/playlist?list=PLU_3vrvW7HKenS14CstIF_H5fRvnBgi6z,"competencia principal importada: TSAF-BAS-005 (Distinguir alcance profesional, derivación y consentimiento) - fiabilidad 4.0/5 - 1 competencia(s) relacionadas en origen"
tsaf_plataforma_colef_empleo,https://www.youtube.com/watch?v=ga88pqiForY,competencia principal importada: TSAF-BAS-003 (Comprender respuestas básicas al ejercicio) - fiabilidad 5.0/5 - 5 competencia(s) relacionadas en origen
tsaf_portal_empleate_sepe,https://www.youtube.com/watch?v=xBaRjZUVSgc,competencia principal importada: TSAF-EMP-001 (Preparar candidatura profesional en fitness y deporte) - fiabilidad 4.0/5 - 5 competencia(s) relacionadas en origen
tsaf_reina_isabel_granada,https://www.youtube.com/watch?v=xBaRjZUVSgc,competencia principal importada: TSAF-EMP-001 (Preparar candidatura profesional en fitness y deporte) - fiabilidad 4.0/5 - 2 competencia(s) relacionadas en origen
tsaf_sae_busqueda_empleo,https://www.youtube.com/watch?v=xBaRjZUVSgc,competencia principal importada: TSAF-EMP-001 (Preparar candidatura profesional en fitness y deporte) - fiabilidad 4.0/5 - 3 competencia(s) relacionadas en origen
tsaf_semana_europea_deporte_2026,https://www.youtube.com/watch?v=xBaRjZUVSgc,competencia principal importada: TSAF-GES-002 (Diseñar y ejecutar un evento de actividad física) - fiabilidad 4.0/5 - 4 competencia(s) relacionadas en origen
tsaf_synergym_empleo,https://www.youtube.com/watch?v=xBaRjZUVSgc,competencia principal importada: TSAF-EMP-001 (Preparar candidatura profesional en fitness y deporte) - fiabilidad 4.0/5 - 5 competencia(s) relacionadas en origen
tsaf_titulo_oficial_andalucia,https://www.youtube.com/playlist?list=PLU_3vrvW7HKenS14CstIF_H5fRvnBgi6z,"competencia principal importada: TSAF-BAS-005 (Distinguir alcance profesional, derivación y consentimiento) - fiabilidad 4.0/5 - 3 competencia(s) relacionadas en origen"
tsaf_todofp_ficha_nacional,https://www.youtube.com/watch?v=eAnc33YC0n8,competencia principal importada: TSAF-FIT-001 (Seleccionar ejercicios y enseñar técnica) - fiabilidad 4.5/5 - 5 competencia(s) relacionadas en origen
