ciclo_siglas,competencia_origen_id,competencia_destino_id,tipo_relacion,obligatoria,motivo,ultima_revision
DAW,DAW-BAS-001,DAW-BAS-002,prerrequisito,sí,"Gestionar archivos, carpetas y copias de seguridad debe dominarse antes de Usar terminal y comandos esenciales.",2026-08-04
DAW,DAW-BAS-003,DAW-BAS-004,prerrequisito,sí,Resolver problemas mediante algoritmos simples debe dominarse antes de Comprender cómo funciona una aplicación conectada.,2026-08-04
DAW,DAW-BAS-001,DAW-SI-001,prerrequisito,sí,"Gestionar archivos, carpetas y copias de seguridad debe dominarse antes de Instalar y configurar un sistema de trabajo.",2026-08-04
DAW,DAW-BAS-002,DAW-SI-001,prerrequisito,sí,Usar terminal y comandos esenciales debe dominarse antes de Instalar y configurar un sistema de trabajo.,2026-08-04
DAW,DAW-SI-001,DAW-SI-002,prerrequisito,sí,Instalar y configurar un sistema de trabajo debe dominarse antes de Aplicar red y seguridad básica.,2026-08-04
DAW,DAW-BAS-004,DAW-SI-002,prerrequisito,sí,Comprender cómo funciona una aplicación conectada debe dominarse antes de Aplicar red y seguridad básica.,2026-08-04
DAW,DAW-BAS-003,DAW-BD-001,prerrequisito,sí,Resolver problemas mediante algoritmos simples debe dominarse antes de Modelar datos relacionales.,2026-08-04
DAW,DAW-BD-001,DAW-BD-002,prerrequisito,sí,Modelar datos relacionales debe dominarse antes de Crear y consultar una base de datos con SQL.,2026-08-04
DAW,DAW-BD-002,DAW-BD-003,prerrequisito,sí,"Crear y consultar una base de datos con SQL debe dominarse antes de Mantener integridad, transacciones y acceso seguro.",2026-08-04
DAW,DAW-SI-002,DAW-BD-003,prerrequisito,sí,"Aplicar red y seguridad básica debe dominarse antes de Mantener integridad, transacciones y acceso seguro.",2026-08-04
DAW,DAW-BAS-003,DAW-PRO-001,prerrequisito,sí,"Resolver problemas mediante algoritmos simples debe dominarse antes de Programar con variables, decisiones y bucles.",2026-08-04
DAW,DAW-PRO-001,DAW-PRO-002,prerrequisito,sí,"Programar con variables, decisiones y bucles debe dominarse antes de Diseñar funciones y trabajar con colecciones.",2026-08-04
DAW,DAW-PRO-002,DAW-PRO-003,prerrequisito,sí,Diseñar funciones y trabajar con colecciones debe dominarse antes de Aplicar programación orientada a objetos.,2026-08-04
DAW,DAW-PRO-003,DAW-PRO-004,prerrequisito,sí,"Aplicar programación orientada a objetos debe dominarse antes de Gestionar errores, ficheros y pruebas.",2026-08-04
DAW,DAW-BAS-004,DAW-LM-001,prerrequisito,sí,Comprender cómo funciona una aplicación conectada debe dominarse antes de Estructurar información con lenguajes de marcas.,2026-08-04
DAW,DAW-LM-001,DAW-LM-002,prerrequisito,sí,Estructurar información con lenguajes de marcas debe dominarse antes de Presentar información de forma responsive.,2026-08-04
DAW,DAW-BAS-001,DAW-ED-001,prerrequisito,sí,"Gestionar archivos, carpetas y copias de seguridad debe dominarse antes de Usar Git y un flujo de trabajo colaborativo.",2026-08-04
DAW,DAW-ED-001,DAW-ED-002,prerrequisito,sí,"Usar Git y un flujo de trabajo colaborativo debe dominarse antes de Depurar, automatizar y mantener calidad.",2026-08-04
DAW,DAW-PRO-004,DAW-ED-002,prerrequisito,sí,"Gestionar errores, ficheros y pruebas debe dominarse antes de Depurar, automatizar y mantener calidad.",2026-08-04
DAW,DAW-BAS-004,DAW-DIG-001,prerrequisito,sí,"Comprender cómo funciona una aplicación conectada debe dominarse antes de Analizar digitalización, datos e IA de forma responsable.",2026-08-04
DAW,DAW-SI-001,DAW-SUS-001,prerrequisito,sí,Instalar y configurar un sistema de trabajo debe dominarse antes de Aplicar sostenibilidad al desarrollo y operación.,2026-08-04
DAW,DAW-BAS-005,DAW-ENG-001,prerrequisito,sí,Documentar errores y aprender mediante práctica debe dominarse antes de Leer y comunicar información técnica en inglés.,2026-08-04
DAW,DAW-ED-001,DAW-EMP-001,prerrequisito,sí,Usar Git y un flujo de trabajo colaborativo debe dominarse antes de Preparar perfil profesional y candidatura.,2026-08-04
DAW,DAW-BAS-005,DAW-EMP-001,prerrequisito,sí,Documentar errores y aprender mediante práctica debe dominarse antes de Preparar perfil profesional y candidatura.,2026-08-04
DAW,DAW-ED-002,DAW-PRJ-001,prerrequisito,sí,"Depurar, automatizar y mantener calidad debe dominarse antes de Planificar y entregar un proyecto integrador.",2026-08-04
DAW,DAW-BD-002,DAW-PRJ-001,prerrequisito,sí,Crear y consultar una base de datos con SQL debe dominarse antes de Planificar y entregar un proyecto integrador.,2026-08-04
DAW,DAW-PRO-004,DAW-PRJ-001,prerrequisito,sí,"Gestionar errores, ficheros y pruebas debe dominarse antes de Planificar y entregar un proyecto integrador.",2026-08-04
DAW,DAW-PRJ-001,DAW-PRJ-002,prerrequisito,sí,Planificar y entregar un proyecto integrador debe dominarse antes de Presentar y defender una solución.,2026-08-04
DAW,DAW-EMP-001,DAW-PRJ-002,prerrequisito,sí,Preparar perfil profesional y candidatura debe dominarse antes de Presentar y defender una solución.,2026-08-04
DAW,DAW-PRO-002,DAW-CLI-001,prerrequisito,sí,Diseñar funciones y trabajar con colecciones debe dominarse antes de Programar interacción con JavaScript en el navegador.,2026-08-04
DAW,DAW-LM-002,DAW-CLI-001,prerrequisito,sí,Presentar información de forma responsive debe dominarse antes de Programar interacción con JavaScript en el navegador.,2026-08-04
DAW,DAW-CLI-001,DAW-CLI-002,prerrequisito,sí,Programar interacción con JavaScript en el navegador debe dominarse antes de Consumir APIs y gestionar asincronía.,2026-08-04
DAW,DAW-BAS-004,DAW-CLI-002,prerrequisito,sí,Comprender cómo funciona una aplicación conectada debe dominarse antes de Consumir APIs y gestionar asincronía.,2026-08-04
DAW,DAW-CLI-002,DAW-CLI-003,prerrequisito,sí,Consumir APIs y gestionar asincronía debe dominarse antes de Construir interfaces basadas en componentes.,2026-08-04
DAW,DAW-ED-002,DAW-CLI-003,prerrequisito,sí,"Depurar, automatizar y mantener calidad debe dominarse antes de Construir interfaces basadas en componentes.",2026-08-04
DAW,DAW-PRO-003,DAW-SRV-001,prerrequisito,sí,"Aplicar programación orientada a objetos debe dominarse antes de Crear rutas, validación y lógica de servidor.",2026-08-04
DAW,DAW-BD-002,DAW-SRV-001,prerrequisito,sí,"Crear y consultar una base de datos con SQL debe dominarse antes de Crear rutas, validación y lógica de servidor.",2026-08-04
DAW,DAW-BAS-004,DAW-SRV-001,prerrequisito,sí,"Comprender cómo funciona una aplicación conectada debe dominarse antes de Crear rutas, validación y lógica de servidor.",2026-08-04
DAW,DAW-SRV-001,DAW-SRV-002,prerrequisito,sí,"Crear rutas, validación y lógica de servidor debe dominarse antes de Implementar autenticación y autorización seguras.",2026-08-04
DAW,DAW-SI-002,DAW-SRV-002,prerrequisito,sí,Aplicar red y seguridad básica debe dominarse antes de Implementar autenticación y autorización seguras.,2026-08-04
DAW,DAW-SRV-001,DAW-SRV-003,prerrequisito,sí,"Crear rutas, validación y lógica de servidor debe dominarse antes de Persistir datos y exponer una API mantenible.",2026-08-04
DAW,DAW-BD-003,DAW-SRV-003,prerrequisito,sí,"Mantener integridad, transacciones y acceso seguro debe dominarse antes de Persistir datos y exponer una API mantenible.",2026-08-04
DAW,DAW-SRV-001,DAW-DEP-001,prerrequisito,sí,"Crear rutas, validación y lógica de servidor debe dominarse antes de Desplegar una aplicación web con configuración segura.",2026-08-04
DAW,DAW-SI-002,DAW-DEP-001,prerrequisito,sí,Aplicar red y seguridad básica debe dominarse antes de Desplegar una aplicación web con configuración segura.,2026-08-04
DAW,DAW-DEP-001,DAW-DEP-002,prerrequisito,sí,Desplegar una aplicación web con configuración segura debe dominarse antes de Contenerizar y automatizar entrega.,2026-08-04
DAW,DAW-ED-002,DAW-DEP-002,prerrequisito,sí,"Depurar, automatizar y mantener calidad debe dominarse antes de Contenerizar y automatizar entrega.",2026-08-04
DAW,DAW-LM-002,DAW-UI-001,prerrequisito,sí,Presentar información de forma responsive debe dominarse antes de Diseñar experiencias usables y coherentes.,2026-08-04
DAW,DAW-LM-001,DAW-UI-002,prerrequisito,sí,Estructurar información con lenguajes de marcas debe dominarse antes de Aplicar accesibilidad web verificable.,2026-08-04
DAW,DAW-UI-001,DAW-UI-002,prerrequisito,sí,Diseñar experiencias usables y coherentes debe dominarse antes de Aplicar accesibilidad web verificable.,2026-08-04
DAW,DAW-CLI-002,DAW-UI-003,prerrequisito,sí,"Consumir APIs y gestionar asincronía debe dominarse antes de Optimizar rendimiento, SEO técnico y compatibilidad.",2026-08-04
DAW,DAW-UI-002,DAW-UI-003,prerrequisito,sí,"Aplicar accesibilidad web verificable debe dominarse antes de Optimizar rendimiento, SEO técnico y compatibilidad.",2026-08-04
DAM,DAM-BAS-001,DAM-BAS-002,prerrequisito,sí,"Gestionar archivos, carpetas y copias de seguridad debe dominarse antes de Usar terminal y comandos esenciales.",2026-08-04
DAM,DAM-BAS-003,DAM-BAS-004,prerrequisito,sí,Resolver problemas mediante algoritmos simples debe dominarse antes de Comprender cómo funciona una aplicación conectada.,2026-08-04
DAM,DAM-BAS-001,DAM-SI-001,prerrequisito,sí,"Gestionar archivos, carpetas y copias de seguridad debe dominarse antes de Instalar y configurar un sistema de trabajo.",2026-08-04
DAM,DAM-BAS-002,DAM-SI-001,prerrequisito,sí,Usar terminal y comandos esenciales debe dominarse antes de Instalar y configurar un sistema de trabajo.,2026-08-04
DAM,DAM-SI-001,DAM-SI-002,prerrequisito,sí,Instalar y configurar un sistema de trabajo debe dominarse antes de Aplicar red y seguridad básica.,2026-08-04
DAM,DAM-BAS-004,DAM-SI-002,prerrequisito,sí,Comprender cómo funciona una aplicación conectada debe dominarse antes de Aplicar red y seguridad básica.,2026-08-04
DAM,DAM-BAS-003,DAM-BD-001,prerrequisito,sí,Resolver problemas mediante algoritmos simples debe dominarse antes de Modelar datos relacionales.,2026-08-04
DAM,DAM-BD-001,DAM-BD-002,prerrequisito,sí,Modelar datos relacionales debe dominarse antes de Crear y consultar una base de datos con SQL.,2026-08-04
DAM,DAM-BD-002,DAM-BD-003,prerrequisito,sí,"Crear y consultar una base de datos con SQL debe dominarse antes de Mantener integridad, transacciones y acceso seguro.",2026-08-04
DAM,DAM-SI-002,DAM-BD-003,prerrequisito,sí,"Aplicar red y seguridad básica debe dominarse antes de Mantener integridad, transacciones y acceso seguro.",2026-08-04
DAM,DAM-BAS-003,DAM-PRO-001,prerrequisito,sí,"Resolver problemas mediante algoritmos simples debe dominarse antes de Programar con variables, decisiones y bucles.",2026-08-04
DAM,DAM-PRO-001,DAM-PRO-002,prerrequisito,sí,"Programar con variables, decisiones y bucles debe dominarse antes de Diseñar funciones y trabajar con colecciones.",2026-08-04
DAM,DAM-PRO-002,DAM-PRO-003,prerrequisito,sí,Diseñar funciones y trabajar con colecciones debe dominarse antes de Aplicar programación orientada a objetos.,2026-08-04
DAM,DAM-PRO-003,DAM-PRO-004,prerrequisito,sí,"Aplicar programación orientada a objetos debe dominarse antes de Gestionar errores, ficheros y pruebas.",2026-08-04
DAM,DAM-BAS-004,DAM-LM-001,prerrequisito,sí,Comprender cómo funciona una aplicación conectada debe dominarse antes de Estructurar información con lenguajes de marcas.,2026-08-04
DAM,DAM-LM-001,DAM-LM-002,prerrequisito,sí,Estructurar información con lenguajes de marcas debe dominarse antes de Presentar información de forma responsive.,2026-08-04
DAM,DAM-BAS-001,DAM-ED-001,prerrequisito,sí,"Gestionar archivos, carpetas y copias de seguridad debe dominarse antes de Usar Git y un flujo de trabajo colaborativo.",2026-08-04
DAM,DAM-ED-001,DAM-ED-002,prerrequisito,sí,"Usar Git y un flujo de trabajo colaborativo debe dominarse antes de Depurar, automatizar y mantener calidad.",2026-08-04
DAM,DAM-PRO-004,DAM-ED-002,prerrequisito,sí,"Gestionar errores, ficheros y pruebas debe dominarse antes de Depurar, automatizar y mantener calidad.",2026-08-04
DAM,DAM-BAS-004,DAM-DIG-001,prerrequisito,sí,"Comprender cómo funciona una aplicación conectada debe dominarse antes de Analizar digitalización, datos e IA de forma responsable.",2026-08-04
DAM,DAM-SI-001,DAM-SUS-001,prerrequisito,sí,Instalar y configurar un sistema de trabajo debe dominarse antes de Aplicar sostenibilidad al desarrollo y operación.,2026-08-04
DAM,DAM-BAS-005,DAM-ENG-001,prerrequisito,sí,Documentar errores y aprender mediante práctica debe dominarse antes de Leer y comunicar información técnica en inglés.,2026-08-04
DAM,DAM-ED-001,DAM-EMP-001,prerrequisito,sí,Usar Git y un flujo de trabajo colaborativo debe dominarse antes de Preparar perfil profesional y candidatura.,2026-08-04
DAM,DAM-BAS-005,DAM-EMP-001,prerrequisito,sí,Documentar errores y aprender mediante práctica debe dominarse antes de Preparar perfil profesional y candidatura.,2026-08-04
DAM,DAM-ED-002,DAM-PRJ-001,prerrequisito,sí,"Depurar, automatizar y mantener calidad debe dominarse antes de Planificar y entregar un proyecto integrador.",2026-08-04
DAM,DAM-BD-002,DAM-PRJ-001,prerrequisito,sí,Crear y consultar una base de datos con SQL debe dominarse antes de Planificar y entregar un proyecto integrador.,2026-08-04
DAM,DAM-PRO-004,DAM-PRJ-001,prerrequisito,sí,"Gestionar errores, ficheros y pruebas debe dominarse antes de Planificar y entregar un proyecto integrador.",2026-08-04
DAM,DAM-PRJ-001,DAM-PRJ-002,prerrequisito,sí,Planificar y entregar un proyecto integrador debe dominarse antes de Presentar y defender una solución.,2026-08-04
DAM,DAM-EMP-001,DAM-PRJ-002,prerrequisito,sí,Preparar perfil profesional y candidatura debe dominarse antes de Presentar y defender una solución.,2026-08-04
DAM,DAM-BD-003,DAM-AD-001,prerrequisito,sí,"Mantener integridad, transacciones y acceso seguro debe dominarse antes de Conectar aplicaciones a bases de datos.",2026-08-04
DAM,DAM-PRO-003,DAM-AD-001,prerrequisito,sí,Aplicar programación orientada a objetos debe dominarse antes de Conectar aplicaciones a bases de datos.,2026-08-04
DAM,DAM-AD-001,DAM-AD-002,prerrequisito,sí,Conectar aplicaciones a bases de datos debe dominarse antes de Gestionar persistencia avanzada y migraciones.,2026-08-04
DAM,DAM-ED-002,DAM-AD-002,prerrequisito,sí,"Depurar, automatizar y mantener calidad debe dominarse antes de Gestionar persistencia avanzada y migraciones.",2026-08-04
DAM,DAM-PRO-003,DAM-UI-001,prerrequisito,sí,Aplicar programación orientada a objetos debe dominarse antes de Construir interfaces de escritorio o multiplataforma.,2026-08-04
DAM,DAM-ED-002,DAM-UI-001,prerrequisito,sí,"Depurar, automatizar y mantener calidad debe dominarse antes de Construir interfaces de escritorio o multiplataforma.",2026-08-04
DAM,DAM-UI-001,DAM-UI-002,prerrequisito,sí,"Construir interfaces de escritorio o multiplataforma debe dominarse antes de Aplicar usabilidad, accesibilidad y empaquetado.",2026-08-04
DAM,DAM-PRO-003,DAM-MOB-001,prerrequisito,sí,Aplicar programación orientada a objetos debe dominarse antes de Crear una aplicación móvil con navegación y estado.,2026-08-04
DAM,DAM-UI-001,DAM-MOB-001,prerrequisito,sí,Construir interfaces de escritorio o multiplataforma debe dominarse antes de Crear una aplicación móvil con navegación y estado.,2026-08-04
DAM,DAM-MOB-001,DAM-MOB-002,prerrequisito,sí,"Crear una aplicación móvil con navegación y estado debe dominarse antes de Integrar datos, red y capacidades del dispositivo.",2026-08-04
DAM,DAM-AD-001,DAM-MOB-002,prerrequisito,sí,"Conectar aplicaciones a bases de datos debe dominarse antes de Integrar datos, red y capacidades del dispositivo.",2026-08-04
DAM,DAM-SI-002,DAM-MOB-002,prerrequisito,sí,"Aplicar red y seguridad básica debe dominarse antes de Integrar datos, red y capacidades del dispositivo.",2026-08-04
DAM,DAM-PRO-004,DAM-SP-001,prerrequisito,sí,"Gestionar errores, ficheros y pruebas debe dominarse antes de Programar procesos concurrentes de forma segura.",2026-08-04
DAM,DAM-SI-001,DAM-SP-001,prerrequisito,sí,Instalar y configurar un sistema de trabajo debe dominarse antes de Programar procesos concurrentes de forma segura.,2026-08-04
DAM,DAM-SP-001,DAM-SP-002,prerrequisito,sí,Programar procesos concurrentes de forma segura debe dominarse antes de Crear servicios de red y comunicación entre aplicaciones.,2026-08-04
DAM,DAM-BAS-004,DAM-SP-002,prerrequisito,sí,Comprender cómo funciona una aplicación conectada debe dominarse antes de Crear servicios de red y comunicación entre aplicaciones.,2026-08-04
DAM,DAM-SI-002,DAM-SP-002,prerrequisito,sí,Aplicar red y seguridad básica debe dominarse antes de Crear servicios de red y comunicación entre aplicaciones.,2026-08-04
DAM,DAM-BD-001,DAM-ERP-001,prerrequisito,sí,Modelar datos relacionales debe dominarse antes de Comprender e implantar procesos ERP y CRM.,2026-08-04
DAM,DAM-DIG-001,DAM-ERP-001,prerrequisito,sí,"Analizar digitalización, datos e IA de forma responsable debe dominarse antes de Comprender e implantar procesos ERP y CRM.",2026-08-04
DAM,DAM-ERP-001,DAM-ERP-002,prerrequisito,sí,Comprender e implantar procesos ERP y CRM debe dominarse antes de Extender e integrar un sistema empresarial.,2026-08-04
DAM,DAM-AD-002,DAM-ERP-002,prerrequisito,sí,Gestionar persistencia avanzada y migraciones debe dominarse antes de Extender e integrar un sistema empresarial.,2026-08-04
DAM,DAM-ED-001,DAM-ERP-002,prerrequisito,sí,Usar Git y un flujo de trabajo colaborativo debe dominarse antes de Extender e integrar un sistema empresarial.,2026-08-04
DAM,DAM-AD-002,DAM-ARC-001,prerrequisito,sí,Gestionar persistencia avanzada y migraciones debe dominarse antes de Diseñar una arquitectura multiplataforma mantenible.,2026-08-04
DAM,DAM-UI-002,DAM-ARC-001,prerrequisito,sí,"Aplicar usabilidad, accesibilidad y empaquetado debe dominarse antes de Diseñar una arquitectura multiplataforma mantenible.",2026-08-04
DAM,DAM-SP-002,DAM-ARC-001,prerrequisito,sí,Crear servicios de red y comunicación entre aplicaciones debe dominarse antes de Diseñar una arquitectura multiplataforma mantenible.,2026-08-04
TSAF,TSAF-BAS-002,TSAF-BAS-003,prerrequisito,sí,Reconocer anatomía y movimientos fundamentales debe dominarse antes de Comprender respuestas básicas al ejercicio.,2026-08-04
TSAF,TSAF-BAS-003,TSAF-VAL-001,prerrequisito,sí,Comprender respuestas básicas al ejercicio debe dominarse antes de Realizar entrevista inicial y cribado básico.,2026-08-04
TSAF,TSAF-BAS-005,TSAF-VAL-001,prerrequisito,sí,"Distinguir alcance profesional, derivación y consentimiento debe dominarse antes de Realizar entrevista inicial y cribado básico.",2026-08-04
TSAF,TSAF-VAL-001,TSAF-VAL-002,prerrequisito,sí,Realizar entrevista inicial y cribado básico debe dominarse antes de Aplicar pruebas básicas de condición física.,2026-08-04
TSAF,TSAF-BAS-002,TSAF-VAL-002,prerrequisito,sí,Reconocer anatomía y movimientos fundamentales debe dominarse antes de Aplicar pruebas básicas de condición física.,2026-08-04
TSAF,TSAF-VAL-002,TSAF-VAL-003,prerrequisito,sí,Aplicar pruebas básicas de condición física debe dominarse antes de Registrar y analizar evolución.,2026-08-04
TSAF,TSAF-BAS-001,TSAF-VAL-003,prerrequisito,sí,"Organizar archivos, formularios y hojas de cálculo debe dominarse antes de Registrar y analizar evolución.",2026-08-04
TSAF,TSAF-BAS-005,TSAF-AUX-001,prerrequisito,sí,"Distinguir alcance profesional, derivación y consentimiento debe dominarse antes de Actuar ante una emergencia y activar ayuda.",2026-08-04
TSAF,TSAF-AUX-001,TSAF-AUX-002,prerrequisito,sí,Actuar ante una emergencia y activar ayuda debe dominarse antes de Aplicar RCP básica y DEA.,2026-08-04
TSAF,TSAF-BAS-002,TSAF-FIT-001,prerrequisito,sí,Reconocer anatomía y movimientos fundamentales debe dominarse antes de Seleccionar ejercicios y enseñar técnica.,2026-08-04
TSAF,TSAF-VAL-001,TSAF-FIT-001,prerrequisito,sí,Realizar entrevista inicial y cribado básico debe dominarse antes de Seleccionar ejercicios y enseñar técnica.,2026-08-04
TSAF,TSAF-VAL-002,TSAF-FIT-002,prerrequisito,sí,"Aplicar pruebas básicas de condición física debe dominarse antes de Programar fuerza, resistencia y movilidad.",2026-08-04
TSAF,TSAF-FIT-001,TSAF-FIT-002,prerrequisito,sí,"Seleccionar ejercicios y enseñar técnica debe dominarse antes de Programar fuerza, resistencia y movilidad.",2026-08-04
TSAF,TSAF-FIT-002,TSAF-FIT-003,prerrequisito,sí,"Programar fuerza, resistencia y movilidad debe dominarse antes de Dirigir y adaptar una sesión individual.",2026-08-04
TSAF,TSAF-BAS-004,TSAF-FIT-003,prerrequisito,sí,Comunicar instrucciones de forma clara y segura debe dominarse antes de Dirigir y adaptar una sesión individual.,2026-08-04
TSAF,TSAF-BAS-003,TSAF-MUS-001,prerrequisito,sí,"Comprender respuestas básicas al ejercicio debe dominarse antes de Comprender ritmo, frase musical y estructura de sesión.",2026-08-04
TSAF,TSAF-BAS-004,TSAF-MUS-001,prerrequisito,sí,"Comunicar instrucciones de forma clara y segura debe dominarse antes de Comprender ritmo, frase musical y estructura de sesión.",2026-08-04
TSAF,TSAF-MUS-001,TSAF-MUS-002,prerrequisito,sí,"Comprender ritmo, frase musical y estructura de sesión debe dominarse antes de Diseñar coreografías por niveles.",2026-08-04
TSAF,TSAF-FIT-001,TSAF-MUS-002,prerrequisito,sí,Seleccionar ejercicios y enseñar técnica debe dominarse antes de Diseñar coreografías por niveles.,2026-08-04
TSAF,TSAF-MUS-002,TSAF-MUS-003,prerrequisito,sí,Diseñar coreografías por niveles debe dominarse antes de Dirigir una clase grupal especializada.,2026-08-04
TSAF,TSAF-BAS-004,TSAF-MUS-003,prerrequisito,sí,Comunicar instrucciones de forma clara y segura debe dominarse antes de Dirigir una clase grupal especializada.,2026-08-04
TSAF,TSAF-BAS-003,TSAF-AQU-001,prerrequisito,sí,Comprender respuestas básicas al ejercicio debe dominarse antes de Aplicar propiedades del medio acuático al ejercicio.,2026-08-04
TSAF,TSAF-AUX-001,TSAF-AQU-001,prerrequisito,sí,Actuar ante una emergencia y activar ayuda debe dominarse antes de Aplicar propiedades del medio acuático al ejercicio.,2026-08-04
TSAF,TSAF-AQU-001,TSAF-AQU-002,prerrequisito,sí,Aplicar propiedades del medio acuático al ejercicio debe dominarse antes de Programar y dirigir una sesión acuática.,2026-08-04
TSAF,TSAF-VAL-001,TSAF-AQU-002,prerrequisito,sí,Realizar entrevista inicial y cribado básico debe dominarse antes de Programar y dirigir una sesión acuática.,2026-08-04
TSAF,TSAF-AQU-001,TSAF-HID-001,prerrequisito,sí,Aplicar propiedades del medio acuático al ejercicio debe dominarse antes de Diseñar actividades de movilidad y bienestar en agua.,2026-08-04
TSAF,TSAF-BAS-005,TSAF-HID-001,prerrequisito,sí,"Distinguir alcance profesional, derivación y consentimiento debe dominarse antes de Diseñar actividades de movilidad y bienestar en agua.",2026-08-04
TSAF,TSAF-BAS-002,TSAF-POS-001,prerrequisito,sí,Reconocer anatomía y movimientos fundamentales debe dominarse antes de Analizar patrones posturales y funcionales sin diagnosticar.,2026-08-04
TSAF,TSAF-VAL-001,TSAF-POS-001,prerrequisito,sí,Realizar entrevista inicial y cribado básico debe dominarse antes de Analizar patrones posturales y funcionales sin diagnosticar.,2026-08-04
TSAF,TSAF-POS-001,TSAF-POS-002,prerrequisito,sí,"Analizar patrones posturales y funcionales sin diagnosticar debe dominarse antes de Programar movilidad, estabilidad y mantenimiento funcional.",2026-08-04
TSAF,TSAF-FIT-002,TSAF-POS-002,prerrequisito,sí,"Programar fuerza, resistencia y movilidad debe dominarse antes de Programar movilidad, estabilidad y mantenimiento funcional.",2026-08-04
TSAF,TSAF-VAL-001,TSAF-ESP-001,prerrequisito,sí,Realizar entrevista inicial y cribado básico debe dominarse antes de Adaptar actividad a personas mayores y colectivos diversos.,2026-08-04
TSAF,TSAF-FIT-001,TSAF-ESP-001,prerrequisito,sí,Seleccionar ejercicios y enseñar técnica debe dominarse antes de Adaptar actividad a personas mayores y colectivos diversos.,2026-08-04
TSAF,TSAF-BAS-005,TSAF-ESP-001,prerrequisito,sí,"Distinguir alcance profesional, derivación y consentimiento debe dominarse antes de Adaptar actividad a personas mayores y colectivos diversos.",2026-08-04
TSAF,TSAF-BAS-004,TSAF-SOC-001,prerrequisito,sí,"Comunicar instrucciones de forma clara y segura debe dominarse antes de Gestionar comunicación, motivación y conflictos.",2026-08-04
TSAF,TSAF-AUX-001,TSAF-GES-001,prerrequisito,sí,"Actuar ante una emergencia y activar ayuda debe dominarse antes de Organizar recursos, calidad y seguridad de una instalación.",2026-08-04
TSAF,TSAF-ESP-001,TSAF-GES-001,prerrequisito,sí,"Adaptar actividad a personas mayores y colectivos diversos debe dominarse antes de Organizar recursos, calidad y seguridad de una instalación.",2026-08-04
TSAF,TSAF-GES-001,TSAF-GES-002,prerrequisito,sí,"Organizar recursos, calidad y seguridad de una instalación debe dominarse antes de Diseñar y ejecutar un evento de actividad física.",2026-08-04
TSAF,TSAF-SOC-001,TSAF-GES-002,prerrequisito,sí,"Gestionar comunicación, motivación y conflictos debe dominarse antes de Diseñar y ejecutar un evento de actividad física.",2026-08-04
TSAF,TSAF-BAS-001,TSAF-DIG-001,prerrequisito,sí,"Organizar archivos, formularios y hojas de cálculo debe dominarse antes de Usar tecnología y datos en seguimiento sin invadir privacidad.",2026-08-04
TSAF,TSAF-VAL-003,TSAF-DIG-001,prerrequisito,sí,Registrar y analizar evolución debe dominarse antes de Usar tecnología y datos en seguimiento sin invadir privacidad.,2026-08-04
TSAF,TSAF-BAS-004,TSAF-ENG-001,prerrequisito,sí,Comunicar instrucciones de forma clara y segura debe dominarse antes de Comprender instrucciones y recursos profesionales en inglés.,2026-08-04
TSAF,TSAF-SOC-001,TSAF-EMP-001,prerrequisito,sí,"Gestionar comunicación, motivación y conflictos debe dominarse antes de Preparar candidatura profesional en fitness y deporte.",2026-08-04
TSAF,TSAF-FIT-003,TSAF-EMP-001,prerrequisito,sí,Dirigir y adaptar una sesión individual debe dominarse antes de Preparar candidatura profesional en fitness y deporte.,2026-08-04
TSAF,TSAF-VAL-003,TSAF-PRJ-001,prerrequisito,sí,Registrar y analizar evolución debe dominarse antes de Crear un programa integral de acondicionamiento físico.,2026-08-04
TSAF,TSAF-FIT-002,TSAF-PRJ-001,prerrequisito,sí,"Programar fuerza, resistencia y movilidad debe dominarse antes de Crear un programa integral de acondicionamiento físico.",2026-08-04
TSAF,TSAF-GES-001,TSAF-PRJ-001,prerrequisito,sí,"Organizar recursos, calidad y seguridad de una instalación debe dominarse antes de Crear un programa integral de acondicionamiento físico.",2026-08-04
TSAF,TSAF-SOC-001,TSAF-PRJ-001,prerrequisito,sí,"Gestionar comunicación, motivación y conflictos debe dominarse antes de Crear un programa integral de acondicionamiento físico.",2026-08-04
TSAF,TSAF-PRJ-001,TSAF-PRJ-002,prerrequisito,sí,Crear un programa integral de acondicionamiento físico debe dominarse antes de Presentar y defender una propuesta de servicio.,2026-08-04
TSAF,TSAF-EMP-001,TSAF-PRJ-002,prerrequisito,sí,Preparar candidatura profesional en fitness y deporte debe dominarse antes de Presentar y defender una propuesta de servicio.,2026-08-04
MP,MP-BAS-002,MP-BAS-005,prerrequisito,sí,"Redactar mensajes claros y orientados a una acción debe dominarse antes de Comprender cliente, problema y modelo de negocio.",2026-08-04
MP,MP-BAS-003,MP-FIN-001,prerrequisito,sí,"Calcular porcentajes, costes y métricas básicas debe dominarse antes de Interpretar costes, presupuestos y viabilidad.",2026-08-04
MP,MP-BAS-005,MP-FIN-001,prerrequisito,sí,"Comprender cliente, problema y modelo de negocio debe dominarse antes de Interpretar costes, presupuestos y viabilidad.",2026-08-04
MP,MP-FIN-001,MP-FIN-002,prerrequisito,sí,"Interpretar costes, presupuestos y viabilidad debe dominarse antes de Evaluar inversión y retorno de marketing.",2026-08-04
MP,MP-BAS-004,MP-POL-001,prerrequisito,sí,"Evaluar fuentes y diferenciar dato, opinión e hipótesis debe dominarse antes de Analizar mercado, competencia y situación.",2026-08-04
MP,MP-BAS-005,MP-POL-001,prerrequisito,sí,"Comprender cliente, problema y modelo de negocio debe dominarse antes de Analizar mercado, competencia y situación.",2026-08-04
MP,MP-POL-001,MP-POL-002,prerrequisito,sí,"Analizar mercado, competencia y situación debe dominarse antes de Definir segmentación, posicionamiento y propuesta.",2026-08-04
MP,MP-POL-002,MP-POL-003,prerrequisito,sí,"Definir segmentación, posicionamiento y propuesta debe dominarse antes de Construir un plan de marketing medible.",2026-08-04
MP,MP-FIN-001,MP-POL-003,prerrequisito,sí,"Interpretar costes, presupuestos y viabilidad debe dominarse antes de Construir un plan de marketing medible.",2026-08-04
MP,MP-BAS-004,MP-INV-001,prerrequisito,sí,"Evaluar fuentes y diferenciar dato, opinión e hipótesis debe dominarse antes de Diseñar una investigación de mercado.",2026-08-04
MP,MP-POL-001,MP-INV-001,prerrequisito,sí,"Analizar mercado, competencia y situación debe dominarse antes de Diseñar una investigación de mercado.",2026-08-04
MP,MP-INV-001,MP-INV-002,prerrequisito,sí,Diseñar una investigación de mercado debe dominarse antes de Diseñar cuestionarios y muestras.,2026-08-04
MP,MP-INV-002,MP-CAM-001,prerrequisito,sí,Diseñar cuestionarios y muestras debe dominarse antes de Planificar y controlar trabajo de campo.,2026-08-04
MP,MP-INV-002,MP-DAT-001,prerrequisito,sí,"Diseñar cuestionarios y muestras debe dominarse antes de Limpiar, analizar y visualizar datos.",2026-08-04
MP,MP-BAS-003,MP-DAT-001,prerrequisito,sí,"Calcular porcentajes, costes y métricas básicas debe dominarse antes de Limpiar, analizar y visualizar datos.",2026-08-04
MP,MP-BAS-002,MP-CLI-001,prerrequisito,sí,"Redactar mensajes claros y orientados a una acción debe dominarse antes de Atender consultas, quejas y reclamaciones.",2026-08-04
MP,MP-CLI-001,MP-CRM-001,prerrequisito,sí,"Atender consultas, quejas y reclamaciones debe dominarse antes de Gestionar contactos, leads y consentimiento en CRM.",2026-08-04
MP,MP-BAS-001,MP-CRM-001,prerrequisito,sí,"Organizar archivos, cuentas y activos de una campaña debe dominarse antes de Gestionar contactos, leads y consentimiento en CRM.",2026-08-04
MP,MP-POL-003,MP-DIG-001,prerrequisito,sí,Construir un plan de marketing medible debe dominarse antes de Planificar presencia web y conversión.,2026-08-04
MP,MP-BAS-001,MP-DIG-001,prerrequisito,sí,"Organizar archivos, cuentas y activos de una campaña debe dominarse antes de Planificar presencia web y conversión.",2026-08-04
MP,MP-DIG-001,MP-DIG-002,prerrequisito,sí,Planificar presencia web y conversión debe dominarse antes de Aplicar SEO y estrategia de contenidos.,2026-08-04
MP,MP-POL-002,MP-DIG-002,prerrequisito,sí,"Definir segmentación, posicionamiento y propuesta debe dominarse antes de Aplicar SEO y estrategia de contenidos.",2026-08-04
MP,MP-CRM-001,MP-DIG-003,prerrequisito,sí,"Gestionar contactos, leads y consentimiento en CRM debe dominarse antes de Diseñar email marketing y automatizaciones.",2026-08-04
MP,MP-BAS-002,MP-DIG-003,prerrequisito,sí,Redactar mensajes claros y orientados a una acción debe dominarse antes de Diseñar email marketing y automatizaciones.,2026-08-04
MP,MP-POL-003,MP-DIG-004,prerrequisito,sí,Construir un plan de marketing medible debe dominarse antes de Planificar publicidad digital.,2026-08-04
MP,MP-FIN-002,MP-DIG-004,prerrequisito,sí,Evaluar inversión y retorno de marketing debe dominarse antes de Planificar publicidad digital.,2026-08-04
MP,MP-DIG-001,MP-DIG-005,prerrequisito,sí,"Planificar presencia web y conversión debe dominarse antes de Medir adquisición, conversión y rendimiento.",2026-08-04
MP,MP-DAT-001,MP-DIG-005,prerrequisito,sí,"Limpiar, analizar y visualizar datos debe dominarse antes de Medir adquisición, conversión y rendimiento.",2026-08-04
MP,MP-BAS-002,MP-DIS-001,prerrequisito,sí,Redactar mensajes claros y orientados a una acción debe dominarse antes de Crear identidad visual y piezas coherentes.,2026-08-04
MP,MP-DIS-001,MP-DIS-002,prerrequisito,sí,Crear identidad visual y piezas coherentes debe dominarse antes de Producir contenido audiovisual breve.,2026-08-04
MP,MP-BAS-002,MP-DIS-002,prerrequisito,sí,Redactar mensajes claros y orientados a una acción debe dominarse antes de Producir contenido audiovisual breve.,2026-08-04
MP,MP-POL-003,MP-MED-001,prerrequisito,sí,Construir un plan de marketing medible debe dominarse antes de Construir un plan de medios.,2026-08-04
MP,MP-FIN-001,MP-MED-001,prerrequisito,sí,"Interpretar costes, presupuestos y viabilidad debe dominarse antes de Construir un plan de medios.",2026-08-04
MP,MP-POL-002,MP-RRPP-001,prerrequisito,sí,"Definir segmentación, posicionamiento y propuesta debe dominarse antes de Planificar relaciones públicas y comunicación institucional.",2026-08-04
MP,MP-BAS-002,MP-RRPP-001,prerrequisito,sí,Redactar mensajes claros y orientados a una acción debe dominarse antes de Planificar relaciones públicas y comunicación institucional.,2026-08-04
MP,MP-RRPP-001,MP-EVT-001,prerrequisito,sí,Planificar relaciones públicas y comunicación institucional debe dominarse antes de Diseñar y evaluar un evento de marketing.,2026-08-04
MP,MP-FIN-001,MP-EVT-001,prerrequisito,sí,"Interpretar costes, presupuestos y viabilidad debe dominarse antes de Diseñar y evaluar un evento de marketing.",2026-08-04
MP,MP-POL-003,MP-LAN-001,prerrequisito,sí,Construir un plan de marketing medible debe dominarse antes de Preparar el lanzamiento de un producto o servicio.,2026-08-04
MP,MP-DIG-004,MP-LAN-001,prerrequisito,sí,Planificar publicidad digital debe dominarse antes de Preparar el lanzamiento de un producto o servicio.,2026-08-04
MP,MP-MED-001,MP-LAN-001,prerrequisito,sí,Construir un plan de medios debe dominarse antes de Preparar el lanzamiento de un producto o servicio.,2026-08-04
MP,MP-BAS-004,MP-LEG-001,prerrequisito,sí,"Evaluar fuentes y diferenciar dato, opinión e hipótesis debe dominarse antes de Aplicar privacidad, propiedad intelectual y publicidad responsable.",2026-08-04
MP,MP-CRM-001,MP-DIGI-001,prerrequisito,sí,"Gestionar contactos, leads y consentimiento en CRM debe dominarse antes de Automatizar procesos de marketing con control.",2026-08-04
MP,MP-DIG-005,MP-DIGI-001,prerrequisito,sí,"Medir adquisición, conversión y rendimiento debe dominarse antes de Automatizar procesos de marketing con control.",2026-08-04
MP,MP-BAS-002,MP-ENG-001,prerrequisito,sí,Redactar mensajes claros y orientados a una acción debe dominarse antes de Trabajar con briefs y comunicación de marketing en inglés.,2026-08-04
MP,MP-DAT-001,MP-EMP-001,prerrequisito,sí,"Limpiar, analizar y visualizar datos debe dominarse antes de Construir portfolio y candidatura de marketing.",2026-08-04
MP,MP-DIS-001,MP-EMP-001,prerrequisito,sí,Crear identidad visual y piezas coherentes debe dominarse antes de Construir portfolio y candidatura de marketing.,2026-08-04
MP,MP-POL-003,MP-EMP-001,prerrequisito,sí,Construir un plan de marketing medible debe dominarse antes de Construir portfolio y candidatura de marketing.,2026-08-04
MP,MP-POL-003,MP-PRJ-001,prerrequisito,sí,Construir un plan de marketing medible debe dominarse antes de Crear una campaña integrada de principio a fin.,2026-08-04
MP,MP-DAT-001,MP-PRJ-001,prerrequisito,sí,"Limpiar, analizar y visualizar datos debe dominarse antes de Crear una campaña integrada de principio a fin.",2026-08-04
MP,MP-DIG-005,MP-PRJ-001,prerrequisito,sí,"Medir adquisición, conversión y rendimiento debe dominarse antes de Crear una campaña integrada de principio a fin.",2026-08-04
MP,MP-DIS-001,MP-PRJ-001,prerrequisito,sí,Crear identidad visual y piezas coherentes debe dominarse antes de Crear una campaña integrada de principio a fin.,2026-08-04
MP,MP-LEG-001,MP-PRJ-001,prerrequisito,sí,"Aplicar privacidad, propiedad intelectual y publicidad responsable debe dominarse antes de Crear una campaña integrada de principio a fin.",2026-08-04
MP,MP-PRJ-001,MP-PRJ-002,prerrequisito,sí,Crear una campaña integrada de principio a fin debe dominarse antes de Presentar y defender una propuesta.,2026-08-04
MP,MP-EMP-001,MP-PRJ-002,prerrequisito,sí,Construir portfolio y candidatura de marketing debe dominarse antes de Presentar y defender una propuesta.,2026-08-04
AF,AF-BAS-001,AF-BAS-005,prerrequisito,sí,"Organizar archivos y documentación administrativa debe dominarse antes de Proteger datos, credenciales y documentación.",2026-08-04
AF,AF-BAS-004,AF-JUR-001,prerrequisito,sí,Redactar correos y comunicaciones profesionales debe dominarse antes de Distinguir formas jurídicas y órganos de la empresa.,2026-08-04
AF,AF-JUR-001,AF-JUR-002,prerrequisito,sí,Distinguir formas jurídicas y órganos de la empresa debe dominarse antes de Preparar trámites de constitución y documentación oficial.,2026-08-04
AF,AF-BAS-001,AF-JUR-002,prerrequisito,sí,Organizar archivos y documentación administrativa debe dominarse antes de Preparar trámites de constitución y documentación oficial.,2026-08-04
AF,AF-BAS-004,AF-RRHH-001,prerrequisito,sí,"Redactar correos y comunicaciones profesionales debe dominarse antes de Analizar organización, puestos y selección.",2026-08-04
AF,AF-RRHH-001,AF-RRHH-002,prerrequisito,sí,"Analizar organización, puestos y selección debe dominarse antes de Aplicar responsabilidad social, igualdad y protección.",2026-08-04
AF,AF-BAS-005,AF-RRHH-002,prerrequisito,sí,"Proteger datos, credenciales y documentación debe dominarse antes de Aplicar responsabilidad social, igualdad y protección.",2026-08-04
AF,AF-BAS-002,AF-OFI-001,prerrequisito,sí,Escribir con precisión y usar funciones básicas de Office debe dominarse antes de Crear documentos administrativos mediante estilos y plantillas.,2026-08-04
AF,AF-BAS-003,AF-OFI-002,prerrequisito,sí,"Operar con porcentajes, reglas de tres e importes debe dominarse antes de Usar Excel para gestión administrativa.",2026-08-04
AF,AF-BAS-002,AF-OFI-002,prerrequisito,sí,Escribir con precisión y usar funciones básicas de Office debe dominarse antes de Usar Excel para gestión administrativa.,2026-08-04
AF,AF-OFI-002,AF-OFI-003,prerrequisito,sí,Usar Excel para gestión administrativa debe dominarse antes de Automatizar limpieza y consolidación de datos.,2026-08-04
AF,AF-BAS-003,AF-COM-001,prerrequisito,sí,"Operar con porcentajes, reglas de tres e importes debe dominarse antes de Gestionar compras, ventas, facturas y cobros.",2026-08-04
AF,AF-BAS-001,AF-COM-001,prerrequisito,sí,"Organizar archivos y documentación administrativa debe dominarse antes de Gestionar compras, ventas, facturas y cobros.",2026-08-04
AF,AF-COM-001,AF-COM-002,prerrequisito,sí,"Gestionar compras, ventas, facturas y cobros debe dominarse antes de Registrar el ciclo contable básico.",2026-08-04
AF,AF-BAS-004,AF-CLI-001,prerrequisito,sí,"Redactar correos y comunicaciones profesionales debe dominarse antes de Atender y registrar consultas, quejas y reclamaciones.",2026-08-04
AF,AF-CLI-001,AF-CLI-002,prerrequisito,sí,"Atender y registrar consultas, quejas y reclamaciones debe dominarse antes de Gestionar comunicaciones y archivo multicanal.",2026-08-04
AF,AF-BAS-001,AF-CLI-002,prerrequisito,sí,Organizar archivos y documentación administrativa debe dominarse antes de Gestionar comunicaciones y archivo multicanal.,2026-08-04
AF,AF-BAS-005,AF-CLI-002,prerrequisito,sí,"Proteger datos, credenciales y documentación debe dominarse antes de Gestionar comunicaciones y archivo multicanal.",2026-08-04
AF,AF-RRHH-001,AF-LAB-001,prerrequisito,sí,"Analizar organización, puestos y selección debe dominarse antes de Interpretar contratos, jornada y documentación laboral.",2026-08-04
AF,AF-JUR-002,AF-LAB-001,prerrequisito,sí,"Preparar trámites de constitución y documentación oficial debe dominarse antes de Interpretar contratos, jornada y documentación laboral.",2026-08-04
AF,AF-LAB-001,AF-LAB-002,prerrequisito,sí,"Interpretar contratos, jornada y documentación laboral debe dominarse antes de Calcular y revisar una nómina.",2026-08-04
AF,AF-BAS-003,AF-LAB-002,prerrequisito,sí,"Operar con porcentajes, reglas de tres e importes debe dominarse antes de Calcular y revisar una nómina.",2026-08-04
AF,AF-BAS-003,AF-FIN-001,prerrequisito,sí,"Operar con porcentajes, reglas de tres e importes debe dominarse antes de Aplicar cálculo financiero.",2026-08-04
AF,AF-OFI-002,AF-FIN-001,prerrequisito,sí,Usar Excel para gestión administrativa debe dominarse antes de Aplicar cálculo financiero.,2026-08-04
AF,AF-FIN-001,AF-FIN-002,prerrequisito,sí,"Aplicar cálculo financiero debe dominarse antes de Gestionar tesorería, financiación y riesgo.",2026-08-04
AF,AF-COM-001,AF-FIN-002,prerrequisito,sí,"Gestionar compras, ventas, facturas y cobros debe dominarse antes de Gestionar tesorería, financiación y riesgo.",2026-08-04
AF,AF-COM-002,AF-CON-001,prerrequisito,sí,Registrar el ciclo contable básico debe dominarse antes de Completar el ciclo contable.,2026-08-04
AF,AF-CON-001,AF-CON-002,prerrequisito,sí,Completar el ciclo contable debe dominarse antes de Gestionar obligaciones fiscales básicas.,2026-08-04
AF,AF-COM-001,AF-CON-002,prerrequisito,sí,"Gestionar compras, ventas, facturas y cobros debe dominarse antes de Gestionar obligaciones fiscales básicas.",2026-08-04
AF,AF-COM-001,AF-LOG-001,prerrequisito,sí,"Gestionar compras, ventas, facturas y cobros debe dominarse antes de Planificar aprovisionamiento e inventario.",2026-08-04
AF,AF-OFI-002,AF-LOG-001,prerrequisito,sí,Usar Excel para gestión administrativa debe dominarse antes de Planificar aprovisionamiento e inventario.,2026-08-04
AF,AF-LOG-001,AF-LOG-002,prerrequisito,sí,Planificar aprovisionamiento e inventario debe dominarse antes de Negociar y controlar compras.,2026-08-04
AF,AF-CLI-001,AF-LOG-002,prerrequisito,sí,"Atender y registrar consultas, quejas y reclamaciones debe dominarse antes de Negociar y controlar compras.",2026-08-04
AF,AF-OFI-003,AF-BI-001,prerrequisito,sí,Automatizar limpieza y consolidación de datos debe dominarse antes de Crear cuadros de mando administrativos y financieros.,2026-08-04
AF,AF-FIN-002,AF-BI-001,prerrequisito,sí,"Gestionar tesorería, financiación y riesgo debe dominarse antes de Crear cuadros de mando administrativos y financieros.",2026-08-04
AF,AF-OFI-003,AF-DIG-001,prerrequisito,sí,Automatizar limpieza y consolidación de datos debe dominarse antes de Automatizar procesos administrativos con control.,2026-08-04
AF,AF-BAS-005,AF-DIG-001,prerrequisito,sí,"Proteger datos, credenciales y documentación debe dominarse antes de Automatizar procesos administrativos con control.",2026-08-04
AF,AF-BAS-004,AF-ENG-001,prerrequisito,sí,Redactar correos y comunicaciones profesionales debe dominarse antes de Gestionar comunicaciones administrativas en inglés.,2026-08-04
AF,AF-OFI-002,AF-EMP-001,prerrequisito,sí,Usar Excel para gestión administrativa debe dominarse antes de Preparar candidatura administrativa.,2026-08-04
AF,AF-CLI-001,AF-EMP-001,prerrequisito,sí,"Atender y registrar consultas, quejas y reclamaciones debe dominarse antes de Preparar candidatura administrativa.",2026-08-04
AF,AF-COM-001,AF-EMP-001,prerrequisito,sí,"Gestionar compras, ventas, facturas y cobros debe dominarse antes de Preparar candidatura administrativa.",2026-08-04
AF,AF-JUR-002,AF-SIM-001,prerrequisito,sí,Preparar trámites de constitución y documentación oficial debe dominarse antes de Gestionar una empresa simulada de forma integrada.,2026-08-04
AF,AF-LAB-002,AF-SIM-001,prerrequisito,sí,Calcular y revisar una nómina debe dominarse antes de Gestionar una empresa simulada de forma integrada.,2026-08-04
AF,AF-CON-002,AF-SIM-001,prerrequisito,sí,Gestionar obligaciones fiscales básicas debe dominarse antes de Gestionar una empresa simulada de forma integrada.,2026-08-04
AF,AF-FIN-002,AF-SIM-001,prerrequisito,sí,"Gestionar tesorería, financiación y riesgo debe dominarse antes de Gestionar una empresa simulada de forma integrada.",2026-08-04
AF,AF-LOG-001,AF-SIM-001,prerrequisito,sí,Planificar aprovisionamiento e inventario debe dominarse antes de Gestionar una empresa simulada de forma integrada.,2026-08-04
AF,AF-SIM-001,AF-PRJ-001,prerrequisito,sí,Gestionar una empresa simulada de forma integrada debe dominarse antes de Diseñar una solución administrativa integral.,2026-08-04
AF,AF-BI-001,AF-PRJ-001,prerrequisito,sí,Crear cuadros de mando administrativos y financieros debe dominarse antes de Diseñar una solución administrativa integral.,2026-08-04
AF,AF-DIG-001,AF-PRJ-001,prerrequisito,sí,Automatizar procesos administrativos con control debe dominarse antes de Diseñar una solución administrativa integral.,2026-08-04
AF,AF-PRJ-001,AF-PRJ-002,prerrequisito,sí,Diseñar una solución administrativa integral debe dominarse antes de Presentar y defender una propuesta administrativa.,2026-08-04
AF,AF-EMP-001,AF-PRJ-002,prerrequisito,sí,Preparar candidatura administrativa debe dominarse antes de Presentar y defender una propuesta administrativa.,2026-08-04
