id_slug,tipo,ciclo_siglas,titulo,descripcion,entidad,modalidad,localidad,provincia,fecha_inicio,fecha_fin,estado,coste,certificacion,practicas,fuente_url,tags,prioridad,encaje_1_5,accion_sugerida,ultima_revision,notas
tsaf_titulo_oficial_andalucia,recurso,TSAF,Ficha oficial de Técnico Superior en Acondicionamiento Físico,"Referencia andaluza con competencia general, módulos, salidas profesionales y centros donde se imparte el ciclo.",Junta de Andalucía,recurso,Andalucía,Andalucía,,,activo,gratuito,título oficial al cursar el ciclo,sí,https://www.juntadeandalucia.es/educacion/portals/web/formacion-profesional-andaluza/por-titulacion/fp-grado-superior/detalle-titulo?idTitulo=561,curriculo|competencias|salidas_profesionales|fp,Alta,5,Comparar las competencias oficiales con su CV y elegir tres que deberá demostrar este trimestre.,2026-08-04,Recurso oficial permanente; no aplica una fecha de convocatoria.
tsaf_todofp_ficha_nacional,recurso,TSAF,Técnico Superior en Acondicionamiento Físico en TodoFP,"Ficha nacional del ciclo con duración, acceso, plan formativo y puestos vinculados al fitness y el acondicionamiento.",TodoFP - Ministerio de Educación,recurso,Online,Online,,,activo,gratuito,título oficial al cursar el ciclo,sí,https://www.todofp.es/que-estudiar/familias-profesionales/actividades-fisicas-deportivas/acondicionamiento-fisico.html,todofp|acceso|ocupaciones|fitness,Media,5,Usar las ocupaciones oficiales para crear alertas de empleo con nombres de puesto concretos.,2026-08-04,Recurso oficial permanente.
tsaf_curriculo_boja_andalucia,recurso,TSAF,Currículo oficial de TSAF en Andalucía,"Norma autonómica que desarrolla resultados de aprendizaje, contenidos y criterios de evaluación del ciclo.",Boletín Oficial de la Junta de Andalucía,recurso,Andalucía,Andalucía,,,activo,gratuito,no,no,https://ws040.juntadeandalucia.es/sedeboja/web/textos-consolidados/resumen-ficha?_resumenrecursolegal_WAR_sedebojatextoconsolidadoportlet_recursoLegalAbstractoId=27036&p_p_id=resumenrecursolegal_WAR_sedebojatextoconsolidadoportlet&p_p_lifecycle=0,boja|resultados_aprendizaje|evaluacion|curriculo,Media,5,Elegir un resultado de aprendizaje y convertirlo en una evidencia práctica para el portfolio.,2026-08-04,Texto normativo vigente; revisar posibles modificaciones posteriores.
tsaf_iad_formacion_continua_2026,recurso,TSAF,Programa de Formación Continua 2026 del IAD,"Catálogo autonómico de cursos sobre entrenamiento, actividad física y salud, gestión, instalaciones y seguridad deportiva.",Instituto Andaluz del Deporte,búsqueda de formación,Andalucía,Andalucía,2026-01-01,2026-12-31,activo,generalmente gratuito; revisar actividad,según actividad,no,https://ws226.juntadeandalucia.es/iadformaconti/wordpress/,iad|formacion_continua|deporte|andalucia,Alta,5,"Revisar Actividades abiertas y solicitar una formación vinculada a entrenamiento, RCP o poblaciones especiales.",2026-08-04,"Las fechas, plazas y destinatarios dependen de cada actividad."
tsaf_iad_fundamentos_entrenamiento,curso_complementario,TSAF,Fundamentos del entrenamiento: rendimiento y salud,"Formación sobre valoración funcional, fuerza, resistencia, carga, biomecánica, adherencia y diseño de programas.",Instituto Andaluz del Deporte,presencial u online según edición,Málaga,Málaga,,,pendiente_convocatoria,gratuito; confirmar convocatoria,certificado; confirmar convocatoria,no,https://ws226.juntadeandalucia.es/iadformaconti/wordpress/?page_id=4101,entrenamiento|valoracion_funcional|fuerza|salud,Alta,5,Revisar la ficha e inscribirse cuando abra una edición; usar el contenido para mejorar una planificación real.,2026-08-04,Fecha pendiente de convocatoria o reapertura; confirmar modalidad y requisitos en Actividades abiertas.
tsaf_iad_rcp_profesionales_deporte,curso_complementario,TSAF,Reanimación cardiopulmonar para profesionales del deporte,"Formación aplicada para reconocer una parada, activar emergencias, realizar RCP básica y utilizar un DEA.",Instituto Andaluz del Deporte,presencial según edición,Málaga,Málaga,,,pendiente_convocatoria,gratuito; confirmar convocatoria,certificado; confirmar convocatoria,no,https://ws226.juntadeandalucia.es/iadformaconti/wordpress/?page_id=3660,rcp|dea|primeros_auxilios|seguridad,Alta,5,Vigilar la siguiente edición y completar una formación práctica de RCP y DEA antes de trabajar con usuarios.,2026-08-04,Fecha pendiente de convocatoria; comprobar si la acreditación satisface los requisitos del puesto o instalación.
tsaf_iad_tecnicos_personas_mayores,curso_complementario,TSAF,Formación de técnicos en actividad física para personas mayores,Curso para valorar necesidades y comenzar programas de ejercicio seguros orientados a autonomía y prevención de fragilidad.,Instituto Andaluz del Deporte,presencial u online según edición,Andalucía,Andalucía,,,pendiente_convocatoria,gratuito; confirmar convocatoria,certificado; confirmar convocatoria,no,https://ws226.juntadeandalucia.es/iadformaconti/wordpress/?page_id=4140,personas_mayores|fragilidad|ejercicio_salud|adaptacion,Media,5,"Revisar la próxima edición y preparar un programa básico de fuerza, equilibrio y movilidad para mayores.",2026-08-04,Fecha pendiente de convocatoria; confirmar perfil destinatario.
tsaf_iad_dolor_lumbar_2026,curso_complementario,TSAF,Diseño de ejercicio para dolor lumbar inespecífico,"Acción formativa sobre mecanismos del dolor, valoración y diseño individualizado de ejercicio para mejorar función y adherencia.",Instituto Andaluz del Deporte,presencial,Málaga,Málaga,2026-06-17,2026-06-17,historico_util,gratuito,certificado o asistencia; no consta,no,https://ws226.juntadeandalucia.es/iadformaconti/wordpress/?page_id=4041,dolor_lumbar|ejercicio_salud|adherencia|programacion,Media,4,Revisar el programa y usarlo como guía para estudiar límites profesionales y derivación a personal sanitario.,2026-08-04,"Edición finalizada. Sigue siendo útil por el enfoque basado en valoración, individualización y trabajo dentro de las competencias profesionales."
tsaf_iad_entrenamiento_fuerza,curso_complementario,TSAF,Optimización del rendimiento mediante entrenamiento de fuerza,"Curso teórico-práctico de 30 horas sobre programación, ejecución y control del entrenamiento de fuerza.",Instituto Andaluz del Deporte,semipresencial o presencial según edición,Granada,Granada,,,pendiente_convocatoria,gratuito; confirmar convocatoria,certificado; confirmar convocatoria,no,https://ws226.juntadeandalucia.es/iadformaconti/wordpress/?page_id=3553,fuerza|rendimiento|programacion|granada,Alta,5,Preparar una planificación de fuerza y solicitar la siguiente edición cuando se publique.,2026-08-04,Fecha pendiente de convocatoria; confirmar sede y requisitos.
tsaf_iad_accesibilidad_instalaciones,curso_complementario,TSAF,Accesibilidad universal en instalaciones deportivas,"Formación sobre barreras, diseño inclusivo y buenas prácticas para atender a personas con discapacidad y mayores.",Instituto Andaluz del Deporte,presencial u online según edición,Andalucía,Andalucía,,,pendiente_convocatoria,gratuito; confirmar convocatoria,certificado; confirmar convocatoria,no,https://ws226.juntadeandalucia.es/iadformaconti/wordpress/?page_id=1881,accesibilidad|inclusion|instalaciones|discapacidad,Media,4,Auditar una instalación conocida y redactar cinco mejoras de accesibilidad y participación.,2026-08-04,Fecha pendiente de convocatoria; la ficha sigue disponible como referencia formativa.
tsaf_iad_material_adultos_mayores,recurso,TSAF,Material didáctico de ejercicio para adultos y mayores,"Colección oficial de vídeos y propuestas para desarrollar condición física, autonomía y componentes cognitivos y emocionales.",Instituto Andaluz del Deporte,online,Online,Andalucía,,,activo,gratuito,no,no,https://ws226.juntadeandalucia.es/afmayores/,adultos|mayores|sesiones|ejercicio_salud,Alta,5,"Elegir tres tareas y adaptarlas a una sesión propia indicando objetivos, regresiones y criterios de seguridad.",2026-08-04,Material permanente; debe adaptarse al contexto y a la valoración de cada usuario.
tsaf_csd_estrategia_sedentarismo_2026,recurso,TSAF,Estrategia nacional contra el sedentarismo y la inactividad física,Documento estatal de 2026 con líneas de actuación para fomentar actividad física y reducir conductas sedentarias.,Consejo Superior de Deportes,documento,Online,Online,2026-01-01,,activo,gratuito,no,no,https://www.csd.gob.es/sites/default/files/media/files/2026-01/Estrategia%20Nacional%20de%20Fomento%20del%20Deporte%20contra%20el%20Sedentarismo%20y%20la%20Inactividad%20F%C3%ADsica.pdf,sedentarismo|politicas_publicas|salud|csd,Media,4,"Extraer un problema y diseñar una intervención de cuatro semanas para un centro, empresa o municipio.",2026-08-04,Documento estratégico; no sustituye protocolos clínicos ni normativa profesional.
tsaf_oms_directrices_actividad_fisica,recurso,TSAF,Directrices de actividad física y comportamiento sedentario,Recomendaciones internacionales para diferentes edades y grupos de población basadas en evidencia.,Organización Mundial de la Salud,online,Online,Online,,,activo,gratuito,no,no,https://www.who.int/publications/i/item/9789240015128,oms|actividad_fisica|sedentarismo|recomendaciones,Alta,5,Usar las recomendaciones como marco y traducirlas a objetivos semanales comprensibles para un usuario.,2026-08-04,Las recomendaciones poblacionales no sustituyen una valoración individual ni prescripción sanitaria.
tsaf_junta_buscador_fpe_deporte,recurso,TSAF,Buscador andaluz de Formación Profesional para el Empleo,"Buscador de cursos subvencionados sobre sala de entrenamiento, musculación, pilates, primeros auxilios y actividades dirigidas.",Junta de Andalucía,búsqueda,Andalucía,Andalucía,,,activo,subvencionado,según curso,posible,https://www.juntadeandalucia.es/empleoformacionytrabajoautonomo/formacion/web/buscador-de-cursos,fpe|cursos_subvencionados|fitness|andalucia,Alta,5,Filtrar por Granada y familia Actividades Físicas y Deportivas; guardar dos cursos compatibles con su horario.,2026-08-04,"La oferta, fechas y requisitos cambian continuamente."
tsaf_herramienta_kinovea,herramienta,TSAF,Kinovea,"Software gratuito para grabar, comparar, anotar y medir vídeos de ejecución técnica y movimiento deportivo.",Kinovea,software,Online,Online,,,activo,gratuito y código abierto,no,no,https://www.kinovea.org/,videoanalisis|tecnica|biomecanica|software,Alta,5,"Grabar una sentadilla con consentimiento y elaborar un informe visual con ángulos, fases y limitaciones del análisis.",2026-08-04,No realizar diagnósticos médicos; proteger la imagen y los datos de la persona grabada.
tsaf_herramienta_trainingpeaks,herramienta,TSAF,TrainingPeaks para entrenadores,"Plataforma para planificar entrenamientos, gestionar deportistas y analizar carga y cumplimiento.",TrainingPeaks,online y app,Online,Online,,,activo,prueba o plan de pago,no,no,https://www.trainingpeaks.com/app-for-coaches/,planificacion|carga|coaching|resistencia,Media,5,"Crear un deportista de prueba y programar dos semanas con objetivos, carga y revisión posterior.",2026-08-04,Revisar precios y tratamiento de datos antes de incorporar clientes reales.
tsaf_herramienta_polar_flow,herramienta,TSAF,Polar Flow,"Servicio para registrar, analizar y visualizar entrenamiento, actividad y recuperación mediante dispositivos compatibles.",Polar,online y app,Online,Online,,,activo,gratuito con dispositivo compatible,no,no,https://www.polar.com/es/flow,frecuencia_cardiaca|carga|recuperacion|monitorizacion,Media,5,Exportar una semana de entrenamiento propia y explicar tendencias sin convertirlas en diagnóstico clínico.,2026-08-04,La disponibilidad de métricas depende del dispositivo.
tsaf_herramienta_garmin_connect,herramienta,TSAF,Garmin Connect,"Plataforma para revisar sesiones, salud, actividad, rutas y tendencias de dispositivos Garmin.",Garmin,online y app,Online,Online,,,activo,gratuito con opciones prémium y dispositivo compatible,no,no,https://connect.garmin.com/es/,wearables|actividad|entrenamiento|datos,Media,4,"Analizar datos propios de una semana y crear una ficha que diferencie dato observado, interpretación e incertidumbre.",2026-08-04,Las métricas de consumo no sustituyen pruebas profesionales ni evaluación sanitaria.
tsaf_herramienta_strava,herramienta,TSAF,Strava,"Registro deportivo y comunidad para seguir sesiones, rutas, objetivos y evolución en múltiples actividades.",Strava,online y app,Online,Online,,,activo,gratuito con suscripción opcional,no,no,https://www.strava.com/?hl=es-es,registro|running|ciclismo|comunidad,Baja,4,Crear un club privado de prueba y definir un reto de adherencia sin publicar ubicaciones sensibles.,2026-08-04,"Configurar privacidad y evitar exponer domicilio, rutinas o ubicaciones de usuarios."
tsaf_herramienta_trainerize,herramienta,TSAF,ABC Trainerize,"Software profesional para entregar programas, comunicarse con clientes y seguir hábitos y progreso.",ABC Trainerize,online y app,Online,Online,,,activo,prueba y planes de pago,no,no,https://www.trainerize.com/,entrenamiento_personal|clientes|seguimiento|online,Media,5,"Crear un cliente ficticio, asignar un programa y comprobar el flujo de seguimiento semanal.",2026-08-04,"Revisar precios, privacidad y consentimiento antes de usar datos reales."
tsaf_herramienta_hexfit,herramienta,TSAF,Hexfit,"Software para evaluar condición física, prescribir sesiones, periodizar y centralizar el seguimiento de usuarios.",Hexfit,online y app,Online,Online,,,activo,prueba y planes de pago,no,no,https://www.myhexfit.com/es/,evaluacion|periodizacion|seguimiento|entrenador,Media,5,Probar una evaluación y una planificación ficticia y comparar el flujo con una hoja de cálculo.,2026-08-04,"No almacenar datos de salud reales sin base legal, seguridad y consentimiento."
tsaf_herramienta_excel,herramienta,TSAF,Microsoft Excel,"Hoja de cálculo para planificar sesiones, registrar tests, controlar cargas y visualizar evolución.",Microsoft,software y online,Online,Online,,,activo,privado o incluido en licencia educativa,no,no,https://support.microsoft.com/es-es/excel/,excel|tests|cargas|planificacion,Alta,5,"Crear una plantilla con ficha de sesiones, volumen, intensidad, asistencia y gráficos de evolución.",2026-08-04,Comprobar si el centro facilita licencia educativa y proteger archivos con datos personales.
tsaf_herramienta_google_forms,herramienta,TSAF,Formularios de Google,"Herramienta para cuestionarios iniciales, satisfacción, asistencia y recogida estructurada de información.",Google Workspace,online,Online,Online,,,activo,gratuito con cuenta de Google,no,no,https://workspace.google.com/intl/es/products/forms/,formularios|feedback|adherencia|evaluacion,Baja,4,Crear un formulario de satisfacción sin preguntas clínicas ni datos sensibles innecesarios.,2026-08-04,No utilizarlo como historia clínica y limitar la recogida de datos al mínimo necesario.
tsaf_sae_busqueda_empleo,empleo_busqueda,TSAF,Servicio Andaluz de Empleo,"Portal autonómico para buscar ofertas, gestionar la demanda y acceder a orientación profesional.",Servicio Andaluz de Empleo,búsqueda,Andalucía,Andalucía,,,activo,gratuito,no,posible,https://www.juntadeandalucia.es/organismos/empleoempresaytrabajoautonomo/areas/empleo/buscar.html,empleo|sae|monitor_deportivo|andalucia,Alta,5,"Guardar búsquedas con monitor de sala, entrenador personal, actividades dirigidas, socorrista y técnico deportivo.",2026-08-04,Las ofertas cambian continuamente; revisar titulación y experiencia exigidas.
tsaf_portal_empleate_sepe,empleo_busqueda,TSAF,Portal Empléate,Portal público nacional para localizar empleo por ocupación y territorio.,SEPE,búsqueda,Online,Online,,,activo,gratuito,no,posible,https://empleate.gob.es/empleo/index_nojs.html?JAVASCRIPTSTATUS=NONE,empleo|sepe|fitness|deporte,Media,4,"Crear alertas para técnico de fitness, monitor deportivo, entrenador y actividades acuáticas.",2026-08-04,"Comprobar empresa, convenio, jornada y requisitos antes de postular."
tsaf_empleo_deporte_portal,empleo_busqueda,TSAF,Empleo Deporte,"Portal especializado en ofertas de actividad física, fitness, preparación física, gestión deportiva y salud.",Empleo Deporte,búsqueda,España,Online,,,activo,gratuito para consultar,no,posible,https://www.empleodeporte.com/,empleo_sectorial|fitness|entrenador|deporte,Alta,5,Crear perfil y postular solo a ofertas cuyo alcance profesional encaje con la titulación y experiencia.,2026-08-04,"Verificar identidad de la empresa, contrato y condiciones antes de compartir documentación."
tsaf_plataforma_colef_empleo,empleo_busqueda,TSAF,Bolsa de empleo de Plataforma COLEF,"Ofertas sectoriales de deporte, salud, entrenamiento y gestión publicadas por la red profesional COLEF.",Plataforma COLEF,búsqueda,España,Online,,,activo,gratuito para consultar,no,posible,https://www.plataformacolef.es/es/2/59/Empleo.html,empleo|colef|deporte_salud|entrenamiento,Media,4,Revisar perfiles solicitados y detectar qué puestos exigen grado universitario y cuáles admiten TSAF.,2026-08-04,No asumir que TSAF habilita para puestos reservados a profesionales universitarios colegiados.
tsaf_ayuntamiento_granada_bolsas,empleo_busqueda,TSAF,Bolsas de empleo del Ayuntamiento de Granada,Listado municipal de bolsas activas y procesos que pueden incluir categorías deportivas o de animación.,Ayuntamiento de Granada,búsqueda,Granada,Granada,,,activo,gratuito,no,no,https://www.granada.org/inet/personal.nsf/bolsasempleo,empleo_publico|bolsas|deporte|granada,Alta,5,"Revisar categorías de deporte y animación, descargar bases y comprobar titulación y temario.",2026-08-04,"El listado cambia; cada bolsa tiene bases, vigencia y requisitos propios."
tsaf_bop_granada_bolsa_monitores_2026,empleo_busqueda,TSAF,Bolsa de trabajo de monitores deportivos y culturales,Convocatoria publicada en el BOP de Granada para formar una bolsa municipal de monitores.,Boletín Oficial de la Provincia de Granada,concurso o bolsa pública,Granada,Granada,2026-01-20,,historico_util,tasas a revisar,no,no,https://bop.dipgra.es/publica/buscador-anuncios/anuncio/CONVOCATORIA-Y-BASES-BOLSA-DE-TRABAJO-MONITORES-DEPORTIVOS-Y-CULTURALES/,bolsa_empleo|monitor_deportivo|bop|granada,Media,4,"Estudiar bases, méritos y documentación para anticiparse a procesos similares en municipios granadinos.",2026-08-04,"Plazo presumiblemente finalizado. Sigue siendo útil como modelo real de requisitos, baremación y documentación de bolsas locales."
tsaf_gofit_empleo_practicas,convocatoria_practicas,TSAF,Empleo y prácticas en GO fit,Portal corporativo con puestos de centros deportivos y posibilidad de prácticas formativas en una cadena con centro en Granada.,GO fit,búsqueda y candidatura,Granada y España,Granada,,,activo,remunerado o prácticas según vacante,no,sí,https://go-fit.es/trabaja-en-go-fit/,gimnasios|practicas|fitness|granada,Alta,5,"Revisar perfiles, adaptar CV y solicitar prácticas o vacantes de fitness y experiencia de cliente.",2026-08-04,La disponibilidad depende de cada centro y convocatoria.
tsaf_synergym_empleo,empleo_busqueda,TSAF,Ofertas de empleo de Synergym,"Portal de empleo de una cadena fitness andaluza con puestos de trainer, club y operaciones y acceso a futuras alertas.",Synergym,búsqueda y candidatura,España,Andalucía,,,activo,remunerado según vacante,no,posible,https://jobs.synergym.es/,trainer|gimnasio|andalucia|empleo,Alta,5,"Conectar el perfil, activar alertas y preparar ejemplos de atención al cliente, captación y dirección de sesiones.",2026-08-04,Los puestos de trainer pueden combinar funciones técnicas y comerciales.
tsaf_basic_fit_empleo,empleo_busqueda,TSAF,Empleo en Basic-Fit España,Portal corporativo para consultar puestos en clubes y áreas de soporte de una cadena de gimnasios nacional.,Basic-Fit,búsqueda y candidatura,España,Online,,,activo,remunerado según vacante,no,posible,https://jobs.basic-fit.com/es-es/home,fitness|club|empleo|cadena_gimnasios,Media,4,"Filtrar puestos en España y adaptar el CV al rol de club, atención o fitness solicitado.",2026-08-04,"Comprobar ubicación, funciones y requisitos de cada vacante."
tsaf_eures_empleo_deporte,empleo_busqueda,TSAF,EURES para empleo deportivo en Europa,"Red pública europea con empleo, orientación y movilidad para puestos de fitness, animación y actividad física.",EURES - European Employment Services,búsqueda,Europa,Online,,,activo,gratuito,no,posible,https://eures.europa.eu/jobseekers_en,eures|europa|fitness|movilidad,Baja,4,"Crear perfil Europass y buscar fitness instructor, sports animator y personal trainer.",2026-08-04,"Revisar idioma, reconocimiento de la titulación, alojamiento y condiciones laborales."
tsaf_congreso_agesport_2026,evento,TSAF,XXIII Congreso AGESPORT 2026,"Congreso andaluz de gestión deportiva para conocer instalaciones, políticas, innovación y red profesional del sector.",AGESPORT,presencial,Almería,Almería,2026-10-28,2026-10-28,pendiente_convocatoria,a revisar,según organización,no,https://www.agesport.org/,gestion_deportiva|congreso|networking|andalucia,Alta,5,Reservar la fecha y revisar inscripción y programa cuando se publiquen completamente.,2026-08-04,Fecha y sede anunciadas; detalles de inscripción pendientes de convocatoria completa.
tsaf_semana_europea_deporte_2026,evento,TSAF,Semana Europea del Deporte 2026,Iniciativa europea coordinada en España para promover actividad física y organizar acciones contra el sedentarismo.,Consejo Superior de Deportes,presencial y online,España,Online,2026-09-23,2026-09-30,activo,gratuito,no,posible,https://www.csd.gob.es/es/promocion-del-deporte/semana-europea-del-deporte-2026,beactive|actividad_fisica|reto|voluntariado,Alta,5,Localizar una actividad próxima o proponer al centro una sesión abierta y medible durante esa semana.,2026-08-04,Las actividades concretas dependen de entidades y municipios participantes.
tsaf_gran_premio_fondo_granada_2026,evento,TSAF,Gran Premio de Fondo Diputación de Granada 2026,"Circuito provincial de carreras que permite observar organización, calentamiento, control de esfuerzo y atención a participantes.",Diputación de Granada,presencial,Provincia de Granada,Granada,2026-01-14,,activo,inscripción a revisar,no,posible,https://www.dipgra.es/servicios/areas/deportes/gran-premio-de-fondo/,running|circuito|eventos|granada,Media,4,Consultar pruebas restantes y solicitar información sobre voluntariado o colaboración técnica.,2026-08-04,Calendario compuesto por múltiples pruebas; revisar fechas e inscripción de cada sede.
tsaf_carreras_montana_granada_2026,evento,TSAF,Circuito Provincial de Carreras por Montaña 2026,"Circuito de 18 pruebas por municipios granadinos útil para conocer preparación, seguridad y logística de eventos de resistencia.",Diputación de Granada,presencial,Provincia de Granada,Granada,2026-01-01,2026-12-31,activo,inscripción a revisar,no,posible,https://www.dipgra.es/servicios/areas/deportes/deporte-en-la-naturaleza/carreras-por-montana/,trail|resistencia|eventos|granada,Media,4,"Elegir una prueba restante y analizar necesidades de movilidad, hidratación, calentamiento y seguridad.",2026-08-04,"Revisar calendario, reglamento y si existe voluntariado en cada municipio."
tsaf_circuito_campo_traves_granada,evento,TSAF,Circuito Provincial de Campo a Través,"Circuito en varios municipios para observar deporte base, pruebas de resistencia y organización pública local.",Diputación de Granada,presencial,Provincia de Granada,Granada,,,activo,inscripción a revisar,no,posible,https://www.dipgra.es/servicios/areas/deportes/deporte-competicion/circuito-provincial-campo-a-traves/,campo_traves|deporte_base|resistencia|granada,Baja,4,Revisar próximas sedes y documentar una propuesta de calentamiento y vuelta a la calma para participantes.,2026-08-04,Las fechas varían por municipio; consultar la edición vigente.
tsaf_hyrox_malaga_2026,evento,TSAF,HYROX Málaga 2026,Competición de fitness híbrido celebrada en Málaga con pruebas combinadas de carrera y estaciones funcionales.,HYROX y FYCMA,presencial,Málaga,Málaga,2026-04-16,2026-04-19,historico_util,privado,no,posible,https://fycma.com/evento/hyrox-malaga-2026/,hyrox|fitness_hibrido|competicion|malaga,Media,4,Analizar el formato y diseñar una progresión segura de ocho semanas para un participante ficticio.,2026-08-04,"Evento finalizado. Sigue siendo útil para estudiar tendencias del fitness híbrido, logística y demandas de una competición real."
tsaf_congreso_addijes_granada_2026,evento,TSAF,X Congreso de Investigación y Didáctica de la Educación Física,"Congreso universitario celebrado en Granada sobre educación física, investigación, enseñanza y actividad física.",ADDIJES y Universidad de Granada,presencial,Granada,Granada,2026-04-15,2026-04-17,historico_util,a revisar,según organización,no,https://sites.google.com/go.ugr.es/congresoaddijes/p%C3%A1gina-principal-26,congreso|educacion_fisica|investigacion|granada,Baja,4,Revisar programa y ponentes y seleccionar una línea para preparar una revisión breve basada en fuentes.,2026-08-04,"Edición finalizada. Sigue siendo útil por sus temas, contactos académicos y ejemplos de divulgación profesional."
tsaf_agesport_comunidad,comunidad,TSAF,Asociación Andaluza de Gestión del Deporte,"Comunidad profesional andaluza con congresos, formación, premios y actualidad sobre instalaciones y servicios deportivos.",AGESPORT,online y presencial,Andalucía,Andalucía,,,activo,consulta gratuita; asociación a revisar,no,no,https://www.agesport.org/,gestion_deportiva|comunidad|instalaciones|andalucia,Media,4,Seguir su actualidad y asistir a una actividad para entender salidas más allá del entrenamiento personal.,2026-08-04,Algunas actividades o servicios pueden requerir inscripción o asociación.
tsaf_colef_andalucia_comunidad,comunidad,TSAF,COLEF Andalucía,"Corporación profesional con noticias, normativa, empleo y posicionamientos sobre ejercicio físico y deporte.",COLEF Andalucía,online y presencial,Andalucía,Andalucía,,,activo,consulta gratuita; colegiación restringida a titulaciones habilitantes,no,no,https://www.colefandalucia.com/,profesion|normativa|ejercicio_fisico|andalucia,Alta,5,Seguir normativa y aprender a distinguir funciones TSAF de actividades reservadas a otras profesiones.,2026-08-04,TSAF no equivale al grado universitario en Ciencias de la Actividad Física y del Deporte ni habilita automáticamente para colegiarse.
tsaf_liga_hibrida_andalucia,reto,TSAF,Liga Híbrida Andalucía,"Competición andaluza de fuerza y resistencia que conecta boxes, atletas, empresas y organización de eventos híbridos.",Liga Híbrida Andalucía,presencial,Andalucía,Andalucía,,,activo,inscripción a revisar,no,posible,https://www.ligahibridaandalucia.com/,fitness_hibrido|fuerza|resistencia|andalucia,Media,4,"Consultar sedes y analizar estándares de movimiento, categorías y estructura de una jornada.",2026-08-04,"Revisar calendario, reglamento, seguros y condiciones de participación."
tsaf_fuente_csd,fuente_noticias,TSAF,Consejo Superior de Deportes,"Fuente estatal sobre políticas deportivas, convocatorias, programas, normativa y promoción de la actividad física.",Consejo Superior de Deportes,online,España,Online,,,activo,gratuito,no,no,https://www.csd.gob.es/es,csd|politica_deportiva|convocatorias|espana,Alta,5,"Revisar semanalmente promoción del deporte, formación y convocatorias relevantes.",2026-08-04,Fuente institucional estatal.
tsaf_fuente_iad_noticias,fuente_noticias,TSAF,Noticias y formación del Instituto Andaluz del Deporte,"Actualidad sobre cursos, investigación, innovación y proyectos de actividad física y deporte en Andalucía.",Instituto Andaluz del Deporte,online,Andalucía,Andalucía,,,activo,gratuito,no,no,https://ws226.juntadeandalucia.es/iadformaconti/wordpress/?page_id=687,iad|formacion|investigacion|andalucia,Alta,5,Consultar cada semana nuevas actividades y guardar solo las que tengan una aplicación profesional clara.,2026-08-04,La frecuencia de publicación puede variar.
tsaf_fuente_colef_andalucia,fuente_noticias,TSAF,Noticias de COLEF Andalucía,"Actualidad autonómica sobre profesión, ejercicio físico, regulación, empleo y programas deportivos.",COLEF Andalucía,online,Andalucía,Andalucía,,,activo,gratuito,no,no,https://www.colefandalucia.com/noticias,profesion|normativa|empleo|andalucia,Media,5,Leer novedades profesionales y anotar qué implicaciones tienen para el trabajo de un técnico TSAF.,2026-08-04,Distinguir las competencias de titulaciones universitarias y de Formación Profesional.
tsaf_fuente_consejo_colef_boletin,fuente_noticias,TSAF,Boletín del Consejo COLEF,"Resumen periódico de normativa, noticias profesionales y formación vinculada a la educación física y el deporte.",Consejo COLEF,online,España,Online,,,activo,gratuito,no,no,https://www.consejo-colef.es/blog/categories/bolet%C3%ADn,boletin|normativa|profesion|deporte,Media,4,Revisar un boletín mensual y extraer una norma o debate profesional relevante.,2026-08-04,Parte del contenido se dirige a profesionales universitarios colegiados.
tsaf_fuente_espana_activa_observatorio,fuente_noticias,TSAF,Observatorio de la Fundación España Activa,"Estudios e informes sobre actividad física, sedentarismo, impacto social y sector fitness.",Fundación España Activa,online,España,Online,,,activo,gratuito para consulta,no,no,https://espanaactiva.es/observatorio/,fitness|sedentarismo|informes|sector,Media,5,Elegir un informe y convertir dos datos en una propuesta concreta para un centro deportivo.,2026-08-04,"Comprobar metodología, muestra y fecha antes de citar resultados."
tsaf_fuente_revista_andaluza_medicina_deporte,fuente_noticias,TSAF,Revista Andaluza de Medicina del Deporte,"Publicación científica vinculada al Centro Andaluz de Medicina del Deporte sobre salud, ejercicio y rendimiento.",Centro Andaluz de Medicina del Deporte,online,Andalucía,Andalucía,,,activo,gratuito para consulta,no,no,https://ws154.juntadeandalucia.es/ojs/index.php/ramd,medicina_deporte|investigacion|salud|andalucia,Baja,4,"Leer un artículo y resumir objetivo, población, método, resultados y límites sin extrapolar conclusiones.",2026-08-04,Contenido científico; no debe convertirse directamente en prescripción individual.
tsaf_fuente_oms_actividad_fisica,fuente_noticias,TSAF,Actividad física de la Organización Mundial de la Salud,"Fuente internacional de recomendaciones, datos y publicaciones sobre actividad física, salud y sedentarismo.",Organización Mundial de la Salud,online,Online,Online,,,activo,gratuito,no,no,https://www.who.int/health-topics/physical-activity,oms|salud_publica|actividad_fisica|evidencia,Media,5,Utilizarla para comprobar recomendaciones poblacionales antes de preparar contenido divulgativo.,2026-08-04,No sustituye evaluación individual ni orientación sanitaria.
tsaf_evidencia_valoracion_inicial,evidencia_recomendada,TSAF,Protocolo de valoración inicial y consentimiento,"Dossier con entrevista, objetivos, antecedentes relevantes, pruebas básicas, consentimiento y criterios de derivación.",Proyecto propio,proyecto,Online,Online,,,activo,gratuito,no,no,https://www.juntadeandalucia.es/educacion/portals/web/formacion-profesional-andaluza/por-titulacion/fp-grado-superior/detalle-titulo?idTitulo=561,valoracion|consentimiento|seguridad|portfolio,Alta,5,Crear el protocolo con datos ficticios y explicar qué información no debe recoger ni interpretar fuera de sus competencias.,2026-08-04,No usar datos sanitarios reales ni presentar el documento como diagnóstico.
tsaf_evidencia_programa_fuerza_12_semanas,evidencia_recomendada,TSAF,Programa progresivo de fuerza de doce semanas,"Plan con evaluación inicial, objetivos, selección de ejercicios, volumen, intensidad, progresión y reevaluación.",Proyecto propio,proyecto,Online,Online,,,activo,gratuito,no,no,https://ws226.juntadeandalucia.es/iadformaconti/wordpress/?page_id=3553,fuerza|periodizacion|carga|portfolio,Alta,5,Construir el programa para un caso ficticio y justificar cada decisión y alternativa.,2026-08-04,"Incluir criterios de parada, regresiones y límites del caso."
tsaf_evidencia_sesion_soporte_musical,evidencia_recomendada,TSAF,Sesión colectiva con soporte musical,"Diseño y demostración de calentamiento, bloque principal, progresiones, señales, música y vuelta a la calma.",Proyecto propio,proyecto práctico,Online,Online,,,activo,gratuito,no,no,https://www.juntadeandalucia.es/boja/2019/16/31,actividades_dirigidas|musica|comunicacion|sesion,Media,5,Grabar una demostración breve con participantes informados o sin mostrar terceras personas.,2026-08-04,"Usar música con licencia adecuada y cuidar técnica, intensidad y accesibilidad."
tsaf_evidencia_acondicionamiento_agua,evidencia_recomendada,TSAF,Programa básico de acondicionamiento físico en el agua,"Secuencia de sesiones con objetivos, profundidad, material, intensidad, adaptaciones y seguridad acuática.",Proyecto propio,proyecto,Online,Online,,,activo,gratuito,no,no,https://www.juntadeandalucia.es/educacion/portals/web/formacion-profesional-andaluza/por-titulacion/fp-grado-superior/detalle-titulo?idTitulo=561,agua|aquafitness|seguridad|programacion,Media,5,Diseñar cuatro sesiones y explicar cómo cambia la propuesta según nivel y características del grupo.,2026-08-04,"No realizar prácticas acuáticas sin instalación, supervisión y protocolos de seguridad adecuados."
tsaf_evidencia_programa_personas_mayores,evidencia_recomendada,TSAF,Programa de ejercicio para personas mayores,"Plan de fuerza, equilibrio, movilidad y capacidad aeróbica con progresiones y medidas de adherencia.",Proyecto propio,proyecto,Online,Online,,,activo,gratuito,no,no,https://ws226.juntadeandalucia.es/afmayores/,mayores|equilibrio|fuerza|autonomia,Alta,5,Crear seis sesiones con versiones básica y avanzada y una ficha de observación.,2026-08-04,Caso académico; derivar y coordinar cuando existan condiciones clínicas o riesgo.
tsaf_evidencia_videoanalisis_kinovea,evidencia_recomendada,TSAF,Análisis técnico de movimiento con Kinovea,"Informe visual que divide una ejecución en fases, mide variables observables y propone una corrección práctica.",Proyecto propio,proyecto,Online,Online,,,activo,gratuito,no,no,https://www.kinovea.org/,kinovea|movimiento|feedback|portfolio,Media,5,"Analizar un ejercicio propio desde dos tomas y explicar límites de cámara, perspectiva y medición.",2026-08-04,No convertir observaciones de vídeo en diagnóstico de lesión.
tsaf_evidencia_plan_emergencia_dea,evidencia_recomendada,TSAF,Plan de actuación ante emergencias en una sala fitness,"Documento con evaluación del riesgo, cadena de actuación, RCP, DEA, comunicación, registro y simulacro.",Proyecto propio,proyecto,Online,Online,,,activo,gratuito,no,no,https://ws226.juntadeandalucia.es/iadformaconti/wordpress/?page_id=3660,emergencias|rcp|dea|seguridad,Alta,5,Diseñar el plan para una instalación ficticia y realizar un simulacro académico supervisado.,2026-08-04,La competencia práctica requiere formación presencial válida y protocolos reales de la instalación.
tsaf_evidencia_servicio_entrenamiento_personal,evidencia_recomendada,TSAF,Servicio completo de entrenamiento personal,"Portfolio con propuesta de valor, onboarding, planificación, seguimiento, comunicación, precios y protección de datos.",Proyecto propio,proyecto empresarial,Online,Online,,,activo,gratuito,no,no,https://www.myhexfit.com/es/deporte-salud/,entrenamiento_personal|clientes|negocio|seguimiento,Media,5,Simular el recorrido de un cliente durante cuatro semanas e incluir documentos y puntos de control.,2026-08-04,No ofrecer servicios que excedan la titulación ni almacenar datos reales sin garantías legales.
tsaf_ies_pedro_antonio_alarcon,instituto,TSAF,IES Pedro Antonio de Alarcón,Centro público de Guadix que imparte el Grado Superior en Acondicionamiento Físico.,IES Pedro Antonio de Alarcón,presencial,Guadix,Granada,,,activo,público,título oficial,sí,https://iespedroantoniodealarcon.es/,centro_fp|tsaf|guadix|publico,Alta,5,"Consultar horario, admisión, instalaciones y empresas colaboradoras para 2026/2027.",2026-08-04,"Confirmar plazas, turno y organización del curso directamente con el centro."
tsaf_centro_1sport_granada,instituto,TSAF,1 Sport Granada,Centro privado autorizado para impartir Acondicionamiento Físico presencial en Granada.,1 Sport,presencial,Granada,Granada,,,activo,privado,título oficial,sí,https://1sport.es/fp/acondicionamiento-fisico/,centro_fp|tsaf|granada|privado,Media,5,"Solicitar precio total, calendario, convenios de prácticas y condiciones de matrícula por escrito.",2026-08-04,"Centro autorizado; comparar coste, prácticas y resultados con otras alternativas."
tsaf_medac_granada,instituto,TSAF,MEDAC Granada Rosaleda,Centro privado con instalaciones deportivas y oferta presencial de Grado Superior en Acondicionamiento Físico.,MEDAC,presencial,Granada,Granada,,,activo,privado,título oficial,sí,https://medac.es/fp-granada/calle-pintor-fernando-belda-sn,centro_fp|tsaf|instalaciones|granada,Media,5,"Solicitar presupuesto completo, horario, prácticas y política de devolución antes de reservar plaza.",2026-08-04,Confirmar sede y turno exactos del ciclo 2026/2027.
tsaf_davante_granada,instituto,TSAF,Davante Granada,Centro privado con oferta de Técnico Superior en Acondicionamiento Físico en Granada.,Davante,presencial,Granada,Granada,,,activo,privado,título oficial,sí,https://www.davante.es/fp/granada,centro_fp|tsaf|granada|privado,Baja,4,"Pedir por escrito sede, precio final, turnos, material incluido y empresas de prácticas.",2026-08-04,Confirmar qué centro de Granada imparte efectivamente TSAF en 2026/2027.
tsaf_reina_isabel_granada,instituto,TSAF,Centro de Formación Internacional Reina Isabel,Centro privado autorizado en Granada para impartir el Grado Superior en Acondicionamiento Físico.,CFI Reina Isabel,presencial,Granada,Granada,,,activo,privado,título oficial,sí,https://www.cfireinaisabel.com/grado-superior-acondicionamiento-fisico/,centro_fp|tsaf|granada|privado,Media,5,"Comparar instalaciones, horario, coste y red de prácticas con el resto de centros locales.",2026-08-04,La autorización del ciclo consta en BOJA; confirmar oferta y plazas de 2026/2027.
tsaf_efa_el_soto_chauchina,instituto,TSAF,EFA El Soto,Centro de Chauchina autorizado para impartir Acondicionamiento Físico en modalidad a distancia.,Escuela Familiar Agraria El Soto,online con centro de referencia,Chauchina,Granada,,,revisar,privado,título oficial,sí,https://www.efaelsoto.com/,centro_fp|tsaf_online|chauchina|granada,Baja,4,"Confirmar que TSAF continúa ofertándose en 2026/2027 y preguntar por exámenes, prácticas y sesiones presenciales.",2026-08-04,La modalidad a distancia fue autorizada oficialmente; la oferta actual debe confirmarse con el centro.
tsaf_ies_hermenegildo_lanz_colaborador_2026,instituto,TSAF,IES Politécnico Hermenegildo Lanz,Centro colaborador en Granada para actividades presenciales de módulos deportivos virtuales durante 2026/2027.,IES Politécnico Hermenegildo Lanz,presencial de apoyo,Granada,Granada,2026-09-01,,revisar,público,según enseñanza de origen,posible,https://www.ieshlanz.es/,centro_colaborador|modulos_presenciales|deporte|granada,Media,4,Consultar qué alumnado y módulos de TSAF pueden realizar actividades presenciales en el centro.,2026-08-04,No se presenta como oferta completa presencial de TSAF; figura como centro colaborador para módulos deportivos virtuales en 2026/2027.
tsaf_facultad_ciencias_deporte_ugr,instituto,TSAF,Facultad de Ciencias del Deporte de la UGR,"Centro universitario local útil para congresos, divulgación, continuidad académica y contacto con investigación deportiva.",Universidad de Granada,presencial y online,Granada,Granada,,,activo,público; actividades a revisar,según actividad,no,https://deporte.ugr.es/,ugr|ciencias_deporte|investigacion|granada,Media,4,Revisar agenda y grado universitario como posible continuidad tras TSAF.,2026-08-04,No imparte el ciclo TSAF; es un recurso académico y profesional complementario.
tsaf_camd_granada,instituto,TSAF,Centro Andaluz de Medicina del Deporte en Granada,"Sede pública dedicada a valoración médico-deportiva, promoción de salud e investigación en deporte.",Junta de Andalucía,presencial,Granada,Granada,,,activo,público; acceso según servicio,no,no,https://www.juntadeandalucia.es/organismos/culturaydeporte/areas/deporte/medicina-deportiva/sedes-camd/paginas/camd-granada.html,medicina_deporte|valoracion|salud|granada,Media,5,Conocer servicios y criterios de derivación para no invadir competencias sanitarias.,2026-08-04,Los servicios no son de libre uso para cualquier práctica académica; consultar requisitos.
tsaf_diputacion_deportes_granada,instituto,TSAF,Área de Deportes de la Diputación de Granada,"Entidad provincial con circuitos, instalaciones, talleres, subvenciones y programas deportivos municipales.",Diputación de Granada,presencial y online,Provincia de Granada,Granada,,,activo,según programa,según actividad,posible,https://www.dipgra.es/servicios/areas/deportes/,deporte_local|circuitos|municipios|granada,Alta,5,"Revisar calendario, convocatorias y programas para localizar voluntariado, empleo y casos de proyecto.",2026-08-04,Las condiciones dependen de cada programa y municipio.
tsaf_concejalia_deportes_granada,instituto,TSAF,Concejalía de Deportes de Granada,"Red municipal de instalaciones, actividades, medicina deportiva y programas para diferentes edades.",Ayuntamiento de Granada,presencial y online,Granada,Granada,,,activo,según actividad,según actividad,posible,https://www.pmdgranada.es/,deporte_municipal|instalaciones|actividades|granada,Alta,5,"Revisar actividades y centros para identificar prácticas, empleo y necesidades reales de usuarios.",2026-08-04,"Consultar cada convocatoria, bolsa o programa en su ficha específica."

tsaf_diseno_y_gestion_de_programas_actividades_y_eventos_de,evento,TSAF,"Diseño y gestión de programas, actividades y eventos de inclusión en el deporte local","Formación para planificar, ejecutar y evaluar actividades deportivas inclusivas.",Instituto Andaluz del Deporte / Junta de Andalucía,online,Online,Andalucía,2026-10-06,2026-11-03,activo,no consta,no consta,no,https://www.juntadeandalucia.es/organismos/culturaydeporte/servicios/actualidad/eventos/detalle/672358.html,inclusión|gestión deportiva|eventos|accesibilidad,Alta,5,"Revisar programa, fechas y condiciones de inscripcion.",2026-08-05,"Alcance: Andalucía | Estado original de la fuente: ""Fecha confirmada"". Importado 2026-08-06 desde AL_LIO_EVENTOS_HACKATHONES_ANDALUCIA_2026_2027_BASE_FASE1.json, marcado por la fuente como pendiente de revision antes de publicar. Sin competencias asignadas todavia."
tsaf_entrenar_en_la_adolescencia_comprendiendo_y,evento,TSAF,Entrenar en la adolescencia: comprendiendo y acompañando el cambio,Actualización sobre entrenamiento y acompañamiento durante la adolescencia.,Instituto Andaluz del Deporte,online,Online,Andalucía,2026-10-19,2026-10-26,activo,no consta,no consta,no,https://www.juntadeandalucia.es/organismos/culturaydeporte/servicios/actualidad/agenda.html,adolescencia|entrenamiento|desarrollo|adaptación,Alta,5,"Revisar programa, fechas y condiciones de inscripcion.",2026-08-05,"Alcance: Andalucía | Estado original de la fuente: ""Fecha confirmada"". Importado 2026-08-06 desde AL_LIO_EVENTOS_HACKATHONES_ANDALUCIA_2026_2027_BASE_FASE1.json, marcado por la fuente como pendiente de revision antes de publicar. Sin competencias asignadas todavia."
tsaf_contratacion_publica_en_el_deporte_municipal_4_edicion,evento,TSAF,Contratación pública en el deporte municipal — 4.ª edición,Formación sobre contratación y gestión de servicios deportivos municipales.,Instituto Andaluz del Deporte,online,Online,Andalucía,2026-10-15,2026-10-15,activo,no consta,no consta,no,https://www.juntadeandalucia.es/organismos/culturaydeporte/servicios/actualidad/agenda.html,contratación pública|deporte municipal|gestión,Media,4,"Revisar programa, fechas y condiciones de inscripcion.",2026-08-05,"Alcance: Andalucía | Estado original de la fuente: ""Fecha confirmada"". Importado 2026-08-06 desde AL_LIO_EVENTOS_HACKATHONES_ANDALUCIA_2026_2027_BASE_FASE1.json, marcado por la fuente como pendiente de revision antes de publicar. Sin competencias asignadas todavia."
tsaf_formacion_de_tecnicos_en_actividad_fisica_para,evento,TSAF,Formación de técnicos en actividad física para personas mayores,Formación específica para intervención con población mayor.,Instituto Andaluz del Deporte,híbrida,Por confirmar,Andalucía,2026-10-14,2026-11-25,activo,no consta,no consta,no,https://www.juntadeandalucia.es/organismos/culturaydeporte/servicios/actualidad/agenda.html,personas mayores|ejercicio|adaptación|salud,Alta,5,"Revisar programa, fechas y condiciones de inscripcion.",2026-08-05,"Alcance: Andalucía | Estado original de la fuente: ""Fecha confirmada"". Importado 2026-08-06 desde AL_LIO_EVENTOS_HACKATHONES_ANDALUCIA_2026_2027_BASE_FASE1.json, marcado por la fuente como pendiente de revision antes de publicar. Sin competencias asignadas todavia."
tsaf_convivencia_y_acoso_entre_iguales_en_el_deporte,evento,TSAF,Convivencia y acoso entre iguales en el deporte,Formación sobre prevención y actuación ante acoso en contextos deportivos.,Instituto Andaluz del Deporte,online,Online,Andalucía,2026-09-30,2026-10-08,activo,no consta,no consta,no,https://www.juntadeandalucia.es/organismos/culturaydeporte/servicios/actualidad/agenda.html,acoso|convivencia|deporte base|prevención,Media,4,"Revisar programa, fechas y condiciones de inscripcion.",2026-08-05,"Alcance: Andalucía | Estado original de la fuente: ""Fecha confirmada"". Importado 2026-08-06 desde AL_LIO_EVENTOS_HACKATHONES_ANDALUCIA_2026_2027_BASE_FASE1.json, marcado por la fuente como pendiente de revision antes de publicar. Sin competencias asignadas todavia."
tsaf_fundamentos_del_entrenamiento_del_alto_rendimiento_a,evento,TSAF,Fundamentos del entrenamiento: del alto rendimiento a la salud,Actualización sobre fundamentos y aplicación del entrenamiento.,Instituto Andaluz del Deporte,híbrida,Por confirmar,Andalucía,2026-09-23,2026-09-25,activo,no consta,no consta,no,https://www.juntadeandalucia.es/organismos/culturaydeporte/servicios/actualidad/agenda.html,fuerza|resistencia|salud|rendimiento|planificación,Alta,5,"Revisar programa, fechas y condiciones de inscripcion.",2026-08-05,"Alcance: Andalucía | Estado original de la fuente: ""Fecha confirmada"". Importado 2026-08-06 desde AL_LIO_EVENTOS_HACKATHONES_ANDALUCIA_2026_2027_BASE_FASE1.json, marcado por la fuente como pendiente de revision antes de publicar. Sin competencias asignadas todavia."
tsaf_empleabilidad_y_futuro_profesional_en_el_deporte,evento,TSAF,Empleabilidad y futuro profesional en el deporte,"Jornadas sobre competencias digitales, empleo y modelos de negocio deportivo.",Instituto Andaluz del Deporte,presencial,Málaga,Málaga,2026-09-11,2026-09-18,activo,no consta,no consta,no,https://www.juntadeandalucia.es/servicios/actualidad/eventos/detalle/668206.html,empleabilidad|tecnología|emprendimiento|competencias,Alta,5,"Revisar programa, fechas y condiciones de inscripcion.",2026-08-05,"Alcance: Provincial / autonómico | Estado original de la fuente: ""Fecha confirmada"". Importado 2026-08-06 desde AL_LIO_EVENTOS_HACKATHONES_ANDALUCIA_2026_2027_BASE_FASE1.json, marcado por la fuente como pendiente de revision antes de publicar. Sin competencias asignadas todavia."
tsaf_actualizaciones_en_entrenamiento_de_gimnasia_ritmica,evento,TSAF,Actualizaciones en entrenamiento de gimnasia rítmica: fuerza y prevención,Formación específica sobre fuerza y prevención de lesiones en gimnasia.,Instituto Andaluz del Deporte,presencial,Granada,Granada,2026-09-10,2026-09-26,activo,no consta,no consta,no,https://www.juntadeandalucia.es/organismos/culturaydeporte/servicios/actualidad/agenda.html,gimnasia rítmica|fuerza|prevención|rendimiento,Alta,5,"Revisar programa, fechas y condiciones de inscripcion.",2026-08-05,"Alcance: Provincial / autonómico | Estado original de la fuente: ""Fecha confirmada"". Importado 2026-08-06 desde AL_LIO_EVENTOS_HACKATHONES_ANDALUCIA_2026_2027_BASE_FASE1.json, marcado por la fuente como pendiente de revision antes de publicar. Sin competencias asignadas todavia."
tsaf_agenda_de_cultura_y_deporte_de_la_junta_de_andalucia,fuente_noticias,TSAF,Agenda de Cultura y Deporte de la Junta de Andalucía,Agenda oficial con cursos y jornadas deportivas para 2026/27.,Junta de Andalucía,híbrida,Varias localidades,Andalucía,,,activo,no consta,no consta,no,https://www.juntadeandalucia.es/organismos/culturaydeporte/servicios/actualidad/agenda.html,deporte|formación|gestión|entrenamiento|inclusión,Alta,5,Revisar la fuente periodicamente para localizar convocatorias nuevas.,2026-08-05,"Alcance: Andalucía | Seguimiento: Filtrar tema: Deporte | Estado original de la fuente: ""Fuente activa para extraer eventos"". Importado 2026-08-06 desde AL_LIO_EVENTOS_HACKATHONES_ANDALUCIA_2026_2027_BASE_FASE1.json, marcado por la fuente como pendiente de revision antes de publicar. Sin competencias asignadas todavia."
tsaf_i_congreso_internacional_del_rendimiento_en_actividad,evento,TSAF,I Congreso Internacional del Rendimiento en Actividad Física y Deporte,Congreso universitario sobre rendimiento y actividad física.,Universidad Pablo de Olavide,presencial,Dos Hermanas,Sevilla,2026-10-09,2026-10-10,activo,no consta,no consta,no,https://eventos.upo.es/,rendimiento|actividad física|investigación|entrenamiento,Alta,5,"Revisar programa, fechas y condiciones de inscripcion.",2026-08-05,"Alcance: Provincial / autonómico | Estado original de la fuente: ""Fecha confirmada"". Importado 2026-08-06 desde AL_LIO_EVENTOS_HACKATHONES_ANDALUCIA_2026_2027_BASE_FASE1.json, marcado por la fuente como pendiente de revision antes de publicar. Sin competencias asignadas todavia."
tsaf_agenda_deportiva_de_la_universidad_de_almeria,fuente_noticias,TSAF,Agenda deportiva de la Universidad de Almería,Agenda universitaria con filtro específico de deportes y salud.,Universidad de Almería,híbrida,Almería,Almería,,,activo,no consta,no consta,no,https://agenda.ual.es/,deporte|competición|salud|formación,Media,4,Revisar la fuente periodicamente para localizar convocatorias nuevas.,2026-08-05,"Alcance: Provincial / autonómico | Seguimiento: Filtrar temática: Deportes / Competición deportiva | Estado original de la fuente: ""Fuente activa para extraer eventos"". Importado 2026-08-06 desde AL_LIO_EVENTOS_HACKATHONES_ANDALUCIA_2026_2027_BASE_FASE1.json, marcado por la fuente como pendiente de revision antes de publicar. Sin competencias asignadas todavia."
tsaf_agenda_deportiva_de_la_universidad_de_jaen,fuente_noticias,TSAF,Agenda deportiva de la Universidad de Jaén,Agenda universitaria para detectar jornadas y actividades deportivas.,Universidad de Jaén,híbrida,Jaén,Jaén,,,activo,no consta,no consta,no,https://eventos.ujaen.es/,deporte|salud|formación|empleo,Media,4,Revisar la fuente periodicamente para localizar convocatorias nuevas.,2026-08-05,"Alcance: Provincial / autonómico | Estado original de la fuente: ""Fuente activa para extraer eventos"". Importado 2026-08-06 desde AL_LIO_EVENTOS_HACKATHONES_ANDALUCIA_2026_2027_BASE_FASE1.json, marcado por la fuente como pendiente de revision antes de publicar. Sin competencias asignadas todavia."
tsaf_eventos_de_la_facultad_de_educacion_psicologia_y,fuente_noticias,TSAF,"Eventos de la Facultad de Educación, Psicología y Ciencias del Deporte UHU",Eventos y jornadas vinculados a Ciencias del Deporte en la UHU.,Universidad de Huelva,híbrida,Huelva,Huelva,,,activo,no consta,no consta,no,https://www.uhu.es/eventos,ciencias del deporte|salud|inclusión|educación,Media,4,Revisar la fuente periodicamente para localizar convocatorias nuevas.,2026-08-05,"Alcance: Provincial / autonómico | Estado original de la fuente: ""Fuente activa para extraer eventos"". Importado 2026-08-06 desde AL_LIO_EVENTOS_HACKATHONES_ANDALUCIA_2026_2027_BASE_FASE1.json, marcado por la fuente como pendiente de revision antes de publicar. Sin competencias asignadas todavia."
tsaf_agenda_deportiva_de_la_universidad_de_cordoba,fuente_noticias,TSAF,Agenda deportiva de la Universidad de Córdoba,"Agenda oficial para cursos, jornadas y actividades deportivas.",Universidad de Córdoba,híbrida,Córdoba,Córdoba,,,activo,no consta,no consta,no,https://eventos.uco.es/,actividad física|salud|deporte universitario,Media,4,Revisar la fuente periodicamente para localizar convocatorias nuevas.,2026-08-05,"Alcance: Provincial / autonómico | Estado original de la fuente: ""Fuente activa para extraer eventos"". Importado 2026-08-06 desde AL_LIO_EVENTOS_HACKATHONES_ANDALUCIA_2026_2027_BASE_FASE1.json, marcado por la fuente como pendiente de revision antes de publicar. Sin competencias asignadas todavia."
tsaf_servicio_de_deportes_de_la_universidad_de_malaga,fuente_noticias,TSAF,Servicio de Deportes de la Universidad de Málaga,Fuente oficial de actividades y competiciones deportivas de la UMA.,Universidad de Málaga,presencial,Málaga,Málaga,,,activo,no consta,no consta,no,https://www.uma.es/deportes/,deporte universitario|cursos|competiciones|salud,Media,4,Revisar la fuente periodicamente para localizar convocatorias nuevas.,2026-08-05,"Alcance: Provincial / autonómico | Estado original de la fuente: ""Fuente activa para extraer eventos"". Importado 2026-08-06 desde AL_LIO_EVENTOS_HACKATHONES_ANDALUCIA_2026_2027_BASE_FASE1.json, marcado por la fuente como pendiente de revision antes de publicar. Sin competencias asignadas todavia."
tsaf_sadus_actividades_y_competiciones,fuente_noticias,TSAF,SADUS — actividades y competiciones,Servicio de Actividades Deportivas de la Universidad de Sevilla.,Universidad de Sevilla,presencial,Sevilla,Sevilla,,,activo,no consta,no consta,no,https://sadus.us.es/,deporte universitario|competiciones|formación,Media,4,Revisar la fuente periodicamente para localizar convocatorias nuevas.,2026-08-05,"Alcance: Provincial / autonómico | Estado original de la fuente: ""Fuente activa para extraer eventos"". Importado 2026-08-06 desde AL_LIO_EVENTOS_HACKATHONES_ANDALUCIA_2026_2027_BASE_FASE1.json, marcado por la fuente como pendiente de revision antes de publicar. Sin competencias asignadas todavia."
tsaf_facultad_de_ciencias_del_deporte_ugr_agenda,fuente_noticias,TSAF,Facultad de Ciencias del Deporte UGR — agenda,Fuente académica y profesional de Ciencias del Deporte.,Universidad de Granada,híbrida,Granada,Granada,,,activo,no consta,no consta,no,https://deporte.ugr.es/,entrenamiento|actividad física|investigación|salud,Alta,5,Revisar la fuente periodicamente para localizar convocatorias nuevas.,2026-08-05,"Alcance: Provincial / autonómico | Estado original de la fuente: ""Fuente activa para extraer eventos"". Importado 2026-08-06 desde AL_LIO_EVENTOS_HACKATHONES_ANDALUCIA_2026_2027_BASE_FASE1.json, marcado por la fuente como pendiente de revision antes de publicar. Sin competencias asignadas todavia."
tsaf_instituto_mixto_universitario_deporte_y_salud_imuds,evento,TSAF,Instituto Mixto Universitario Deporte y Salud — IMUDS,Instituto universitario especializado en deporte y salud.,Universidad de Granada,híbrida,Granada,Granada,,,activo,no consta,no consta,no,https://imuds.ugr.es/,deporte|salud|investigación|rendimiento|prevención,Alta,5,"Revisar programa, fechas y condiciones de inscripcion.",2026-08-05,"Alcance: Provincial / autonómico | Estado original de la fuente: ""Fuente activa para extraer eventos"". Importado 2026-08-06 desde AL_LIO_EVENTOS_HACKATHONES_ANDALUCIA_2026_2027_BASE_FASE1.json, marcado por la fuente como pendiente de revision antes de publicar. Sin competencias asignadas todavia."
tsaf_servicio_de_deportes_de_la_upo,fuente_noticias,TSAF,Servicio de Deportes de la UPO,Actividades deportivas y formación vinculada a la UPO.,Universidad Pablo de Olavide,presencial,Dos Hermanas,Sevilla,,,activo,no consta,no consta,no,https://www.upo.es/sdupo/,deporte universitario|actividad física|competiciones,Media,4,Revisar la fuente periodicamente para localizar convocatorias nuevas.,2026-08-05,"Alcance: Provincial / autonómico | Estado original de la fuente: ""Fuente activa para extraer eventos"". Importado 2026-08-06 desde AL_LIO_EVENTOS_HACKATHONES_ANDALUCIA_2026_2027_BASE_FASE1.json, marcado por la fuente como pendiente de revision antes de publicar. Sin competencias asignadas todavia."
tsaf_colef_andalucia_formacion_y_eventos,evento,TSAF,COLEF Andalucía — formación y eventos,Fuente profesional para formación continua y jornadas del sector.,Colegio Oficial de Licenciados y Graduados en Ciencias de la Actividad Física y del Deporte,híbrida,Varias localidades,Andalucía,,,activo,no consta,no consta,no,https://www.colefandalucia.com/,CAFyD|profesión|formación|normativa|empleo,Alta,5,"Revisar programa, fechas y condiciones de inscripcion.",2026-08-05,"Alcance: Andalucía | Estado original de la fuente: ""Fuente activa para extraer eventos"". Importado 2026-08-06 desde AL_LIO_EVENTOS_HACKATHONES_ANDALUCIA_2026_2027_BASE_FASE1.json, marcado por la fuente como pendiente de revision antes de publicar. Sin competencias asignadas todavia."
tsaf_calendario_federacion_andaluza_de_triatlon_2026,evento,TSAF,Calendario Federación Andaluza de Triatlón 2026,Más de cien pruebas oficiales distribuidas por Andalucía.,Federación Andaluza de Triatlón,presencial,Varias localidades,Andalucía,,,activo,no consta,no consta,no,https://triatlonandalucia.org/competiciones-fatri/calendario/,triatlón|duatlón|acuatlón|organización|seguridad,Alta,5,"Revisar programa, fechas y condiciones de inscripcion.",2026-08-05,"Alcance: Andalucía | Estado original de la fuente: ""Calendario oficial activo"". Importado 2026-08-06 desde AL_LIO_EVENTOS_HACKATHONES_ANDALUCIA_2026_2027_BASE_FASE1.json, marcado por la fuente como pendiente de revision antes de publicar. Sin competencias asignadas todavia."
tsaf_calendario_federacion_andaluza_de_atletismo,evento,TSAF,Calendario Federación Andaluza de Atletismo,Calendario oficial de competiciones y actividades atléticas.,Federación Andaluza de Atletismo,presencial,Varias localidades,Andalucía,,,revisar,no consta,no consta,no,https://atletismofaa.es/,atletismo|carreras|pista|entrenamiento|organización,Alta,5,"Revisar programa, fechas y condiciones de inscripcion.",2026-08-05,"Alcance: Andalucía | Estado original de la fuente: ""Fuente activa; revisar temporada 2026/27"". Importado 2026-08-06 desde AL_LIO_EVENTOS_HACKATHONES_ANDALUCIA_2026_2027_BASE_FASE1.json, marcado por la fuente como pendiente de revision antes de publicar. Sin competencias asignadas todavia."
tsaf_calendario_federacion_andaluza_de_ciclismo,evento,TSAF,Calendario Federación Andaluza de Ciclismo,Calendario oficial de pruebas ciclistas en Andalucía.,Federación Andaluza de Ciclismo,presencial,Varias localidades,Andalucía,,,revisar,no consta,no consta,no,https://andaluciaciclismo.com/,ciclismo|MTB|carretera|organización|rendimiento,Media,4,"Revisar programa, fechas y condiciones de inscripcion.",2026-08-05,"Alcance: Andalucía | Estado original de la fuente: ""Fuente activa; revisar temporada 2026/27"". Importado 2026-08-06 desde AL_LIO_EVENTOS_HACKATHONES_ANDALUCIA_2026_2027_BASE_FASE1.json, marcado por la fuente como pendiente de revision antes de publicar. Sin competencias asignadas todavia."
tsaf_calendario_federacion_andaluza_de_deportes_de_montana,evento,TSAF,Calendario Federación Andaluza de Deportes de Montaña,Calendario oficial de competiciones y actividades de montaña.,FADMES,presencial,Varias localidades,Andalucía,,,revisar,no consta,no consta,no,https://fadmes.es/,montaña|trail|escalada|seguridad|orientación,Alta,5,"Revisar programa, fechas y condiciones de inscripcion.",2026-08-05,"Alcance: Andalucía | Estado original de la fuente: ""Fuente activa; revisar temporada 2026/27"". Importado 2026-08-06 desde AL_LIO_EVENTOS_HACKATHONES_ANDALUCIA_2026_2027_BASE_FASE1.json, marcado por la fuente como pendiente de revision antes de publicar. Sin competencias asignadas todavia."
tsaf_calendario_federacion_andaluza_de_natacion,evento,TSAF,Calendario Federación Andaluza de Natación,"Competiciones, campeonatos y actividades federativas de natación.",Federación Andaluza de Natación,presencial,Varias localidades,Andalucía,,,revisar,no consta,no consta,no,https://fan.es/,natación|entrenamiento|competiciones|técnica,Media,4,"Revisar programa, fechas y condiciones de inscripcion.",2026-08-05,"Alcance: Andalucía | Estado original de la fuente: ""Fuente activa; revisar temporada 2026/27"". Importado 2026-08-06 desde AL_LIO_EVENTOS_HACKATHONES_ANDALUCIA_2026_2027_BASE_FASE1.json, marcado por la fuente como pendiente de revision antes de publicar. Sin competencias asignadas todavia."
tsaf_agenda_federacion_andaluza_de_baloncesto,evento,TSAF,Agenda Federación Andaluza de Baloncesto,"Calendarios, cursos y actividades federativas.",Federación Andaluza de Baloncesto,presencial,Varias localidades,Andalucía,,,revisar,no consta,no consta,no,https://www.andaluzabaloncesto.org/,baloncesto|entrenadores|deporte base|formación,Media,4,"Revisar programa, fechas y condiciones de inscripcion.",2026-08-05,"Alcance: Andalucía | Estado original de la fuente: ""Fuente activa; revisar temporada 2026/27"". Importado 2026-08-06 desde AL_LIO_EVENTOS_HACKATHONES_ANDALUCIA_2026_2027_BASE_FASE1.json, marcado por la fuente como pendiente de revision antes de publicar. Sin competencias asignadas todavia."
tsaf_agenda_y_formacion_de_la_real_federacion_andaluza_de,evento,TSAF,Agenda y formación de la Real Federación Andaluza de Fútbol,Calendarios y actividades formativas de fútbol andaluz.,RFAF,presencial,Varias localidades,Andalucía,2026-09-05,2027-05-02,activo,no consta,no consta,no,https://www.rfaf.es/,fútbol|entrenadores|preparación física|deporte base,Media,4,"Revisar programa, fechas y condiciones de inscripcion.",2026-08-05,"Alcance: Andalucía | Estado original de la fuente: ""Temporada 2026/27 activa"". Importado 2026-08-06 desde AL_LIO_EVENTOS_HACKATHONES_ANDALUCIA_2026_2027_BASE_FASE1.json, marcado por la fuente como pendiente de revision antes de publicar. Sin competencias asignadas todavia."
tsaf_andalucia_bike_race_edicion_2027,evento,TSAF,Andalucía Bike Race — edición 2027,"Prueba por etapas útil para observar logística, preparación y recuperación.",Andalucía Bike Race,presencial,Varias localidades,Andalucía,,,revisar,no consta,no consta,no,https://andaluciabikerace.com/,MTB|resistencia|organización|rendimiento,Media,4,"Revisar programa, fechas y condiciones de inscripcion.",2026-08-05,"Alcance: Andalucía | Estado original de la fuente: ""Edición 2027 a monitorizar"". Importado 2026-08-06 desde AL_LIO_EVENTOS_HACKATHONES_ANDALUCIA_2026_2027_BASE_FASE1.json, marcado por la fuente como pendiente de revision antes de publicar. Sin competencias asignadas todavia."
tsaf_zurich_maraton_de_sevilla_2027,evento,TSAF,Zurich Maratón de Sevilla 2027,Gran evento de atletismo y gestión deportiva en Sevilla.,Instituto Municipal de Deportes de Sevilla / organizadores,presencial,Sevilla,Sevilla,,,revisar,no consta,no consta,no,https://www.zurichmaratonsevilla.es/,maratón|resistencia|planificación|recuperación|eventos,Alta,4,"Revisar programa, fechas y condiciones de inscripcion.",2026-08-05,"Alcance: Provincial / autonómico | Estado original de la fuente: ""Edición 2027 a monitorizar"". Importado 2026-08-06 desde AL_LIO_EVENTOS_HACKATHONES_ANDALUCIA_2026_2027_BASE_FASE1.json, marcado por la fuente como pendiente de revision antes de publicar. Sin competencias asignadas todavia."
tsaf_generali_maraton_malaga_edicion_2026_27,evento,TSAF,Generali Maratón Málaga — edición 2026/27,"Evento de atletismo para analizar planificación, logística y rendimiento.",Maratón Málaga / Ayuntamiento de Málaga,presencial,Málaga,Málaga,,,revisar,no consta,no consta,no,https://www.generalimaratonmalaga.com/,maratón|resistencia|organización|entrenamiento,Alta,4,"Revisar programa, fechas y condiciones de inscripcion.",2026-08-05,"Alcance: Provincial / autonómico | Estado original de la fuente: ""Edición a monitorizar"". Importado 2026-08-06 desde AL_LIO_EVENTOS_HACKATHONES_ANDALUCIA_2026_2027_BASE_FASE1.json, marcado por la fuente como pendiente de revision antes de publicar. Sin competencias asignadas todavia."